:START_ID,:END_ID,:TYPE
Q31,1,P2924
Q31,Q1088364,P1344
Q31,2,P1082
Q31,3,P1667
Q31,Q3247091,P1151
Q31,4,P3348
Q31,5,P1333
Q31,Q1308013,P1546
Q31,Q7112200,P5125
Q31,6,P349
Q31,Q4916,P38
Q31,7,P3365
Q31,8,P3221
Q31,9,P2581
Q31,10,P1566
Q31,11,P227
Q31,12,P487
Q31,Q7021332,P1792
Q31,Q1061257,P2852
Q31,Q25648793,P2852
Q31,Q25648794,P2852
Q31,Q25648798,P2852
Q31,13,P3916
Q31,Q1378312,P2853
Q31,Q2335536,P2853
Q31,14,P395
Q31,15,P3238
Q31,16,P1335
Q31,Q1115035,P2633
Q31,17,P298
Q31,18,P1448
Q31,19,P1448
Q31,20,P1448
Q31,21,P1448
Q31,Q213107,P1313
Q31,22,P3417
Q31,23,P3417
Q31,24,P3529
Q31,Q128267,P417
Q31,25,P998
Q31,Q31,P17
Q31,26,P486
Q31,Q25929919,P2959
Q31,Q42311082,P2959
Q31,Q52884026,P2959
Q31,27,P3106
Q31,Q41614,P122
Q31,Q3330103,P122
Q31,28,P982
Q31,Q3174312,P1552
Q31,29,P94
Q31,30,P94
Q31,31,P94
Q31,32,P94
Q31,33,P2981
Q31,34,P2573
Q31,35,P3422
Q31,Q223933,P793
Q31,Q1160895,P793
Q31,Q32,P530
Q31,Q38,P530
Q31,Q183,P530
Q31,Q347,P530
Q31,Q408,P530
Q31,Q212,P530
Q31,Q1246,P530
Q31,Q142,P530
Q31,Q145,P530
Q31,Q16,P530
Q31,Q252,P530
Q31,Q35,P530
Q31,Q43,P530
Q31,Q55,P530
Q31,Q77,P530
Q31,Q833,P530
Q31,Q843,P530
Q31,Q865,P530
Q31,Q96,P530
Q31,Q974,P530
Q31,Q30,P530
Q31,Q159,P530
Q31,Q668,P530
Q31,Q41,P530
Q31,Q148,P530
Q31,Q230,P530
Q31,Q801,P530
Q31,Q29999,P530
Q31,Q28,P530
Q31,Q423,P530
Q31,36,P571
Q31,Q13592862,P1906
Q31,37,P935
Q31,Q1137059,P194
Q31,38,P214
Q31,39,P5180
Q31,40,P605
Q31,Q205317,P2184
Q31,41,P4613
Q31,42,P3911
Q31,Q7411,P37
Q31,Q150,P37
Q31,Q188,P37
Q31,43,P3984
Q31,Q46,P30
Q31,Q239,P36
Q31,44,P856
Q31,45,P856
Q31,46,P856
Q31,47,P856
Q31,Q199614,P237
Q31,48,P3271
Q31,49,P1549
Q31,50,P1549
Q31,51,P1549
Q31,52,P1549
Q31,53,P1549
Q31,54,P1549
Q31,55,P1549
Q31,56,P1549
Q31,57,P1549
Q31,58,P1549
Q31,59,P1549
Q31,60,P1549
Q31,61,P1549
Q31,62,P1549
Q31,63,P1549
Q31,64,P1549
Q31,65,P1549
Q31,66,P1549
Q31,67,P1549
Q31,68,P1549
Q31,69,P1549
Q31,70,P1549
Q31,71,P1549
Q31,72,P1549
Q31,73,P1549
Q31,74,P1549
Q31,75,P1549
Q31,76,P1549
Q31,77,P1549
Q31,78,P1549
Q31,79,P1549
Q31,80,P1549
Q31,81,P1549
Q31,82,P1549
Q31,83,P1549
Q31,84,P1549
Q31,85,P1549
Q31,86,P1549
Q31,87,P1549
Q31,88,P1549
Q31,89,P1549
Q31,90,P1549
Q31,91,P1549
Q31,92,P1549
Q31,93,P3896
Q31,94,P949
Q31,95,P402
Q31,96,P4725
Q31,97,P3068
Q31,98,P1332
Q31,99,P1334
Q31,100,P691
Q31,101,P906
Q31,102,P3241
Q31,103,P2258
Q31,104,P4841
Q31,105,P2979
Q31,106,P1225
Q31,107,P5198
Q31,108,P3270
Q31,109,P1315
Q31,110,P3001
Q31,111,P3001
Q31,112,P3001
Q31,113,P3000
Q31,Q4366768,P910
Q31,114,P3612
Q31,Q155004,P35
Q31,115,P268
Q31,Q7974978,P1791
Q31,116,P242
Q31,117,P242
Q31,118,P1617
Q31,119,P2997
Q31,120,P1036
Q31,121,P1081
Q31,Q54439832,P5008
Q31,122,P3743
Q31,Q476596,P6
Q31,123,P984
Q31,Q458,P463
Q31,Q1065,P463
Q31,Q7184,P463
Q31,Q41550,P463
Q31,Q8908,P463
Q31,Q13116,P463
Q31,Q42262,P463
Q31,Q7825,P463
Q31,Q141720,P463
Q31,Q1542735,P463
Q31,Q152299,P463
Q31,Q151991,P463
Q31,Q81299,P463
Q31,Q191384,P463
Q31,Q827525,P463
Q31,Q656801,P463
Q31,Q1043527,P463
Q31,Q899770,P463
Q31,Q340195,P463
Q31,Q188822,P463
Q31,Q782942,P463
Q31,Q161549,P463
Q31,Q1377612,P463
Q31,Q663492,P463
Q31,Q1928989,P463
Q31,Q1072120,P463
Q31,Q8475,P463
Q31,Q1480793,P463
Q31,Q842490,P463
Q31,Q3866537,P463
Q31,Q521227,P463
Q31,Q233611,P463
Q31,Q826700,P463
Q31,Q7809,P463
Q31,Q5611262,P463
Q31,Q17495,P463
Q31,Q376150,P463
Q31,Q1969730,P463
Q31,Q1531570,P463
Q31,Q134102,P463
Q31,Q45177,P463
Q31,Q170424,P463
Q31,Q7817,P463
Q31,124,P2163
Q31,125,P4342
Q31,126,P1198
Q31,Q13196750,P5658
Q31,127,P4427
Q31,128,P5573
Q31,129,P1417
Q31,130,P4629
Q31,131,P948
Q31,Q7522716,P1740
Q31,132,P2884
Q31,Q390947,P208
Q31,Q130201,P2238
Q31,Q8366417,P1465
Q31,133,P2347
Q31,Q161539,P85
Q31,Q1755321,P209
Q31,Q1230309,P209
Q31,Q1761425,P209
Q31,134,P2250
Q31,135,P1296
Q31,Q215669,P361
Q31,Q458,P361
Q31,Q46,P361
Q31,Q1065,P361
Q31,Q13116,P361
Q31,Q476033,P361
Q31,136,P373
Q31,Q39773,P78
Q31,137,P2046
Q31,Q183,P47
Q31,Q32,P47
Q31,Q142,P47
Q31,Q55,P47
Q31,Q29999,P47
Q31,138,P6150
Q31,Q3624078,P31
Q31,Q322824,P610
Q31,Q7463296,P1464
Q31,139,P2927
Q31,140,P4672
Q31,141,P1813
Q31,Q14565199,P1622
Q31,142,P2982
Q31,143,P1589
Q31,144,P3222
Q31,145,P898
Q31,146,P898
Q31,147,P898
Q31,148,P299
Q31,Q25989,P421
Q31,Q6655,P421
Q31,Q6723,P421
Q31,Q207020,P421
Q31,Q5412099,P421
Q31,149,P269
Q31,150,P5247
Q31,Q9337,P150
Q31,Q240,P150
Q31,Q9331,P150
Q31,Q89959,P150
Q31,Q90027,P150
Q31,Q231,P150
Q31,151,P3024
Q31,152,P474
Q31,153,P646
Q31,154,P3175
Q31,Q337104,P138
Q31,155,P244
Q31,156,P297
Q31,157,P1451
Q31,Q12990,P163
Q31,158,P625
Q31,159,P901
Q31,160,P3509
Q31,Q302556,P1343
Q31,Q2657718,P1343
Q31,Q4114391,P1343
Q31,Q602358,P1343
Q31,Q19211082,P1343
Q31,Q19180675,P1343
Q31,Q4173137,P1343
Q31,Q3181656,P1343
Q31,161,P41
Q31,162,P5982
Q31,163,P5982
Q31,164,P5982
Q31,165,P5140
Q31,Q633629,P92
Q31,166,P5019
Q31,Q14455339,P6104
Q31,167,P1842
Q31,168,P6573
Q31,169,P5250
Q31,170,P4801
Q31,Q234,P527
Q31,Q231,P527
Q31,Q240,P527
Q31,Q9331,P527
Q31,Q89959,P527
Q31,Q90027,P527
Q31,Q685918,P1304
Q31,Q100103,P2936
Q31,Q102172,P2936
Q31,Q2107617,P2936
Q31,Q3217332,P2936
Q31,Q7411,P2936
Q31,Q9051,P2936
Q31,Q188,P2936
Q31,Q150,P2936
Q31,Q34024,P2936
Q31,Q34219,P2936
Q31,Q430018,P2936
Q31,Q671198,P2936
Q31,Q151156,P2936
Q31,Q34147,P2936
Q31,Q1404296,P2936
Q31,Q815549,P2936
Q31,Q2668371,P2936
Q31,Q8641,P2936
Q31,Q33282,P2936
Q31,Q1793299,P2936
Q31,171,P6363
Q31,172,P6897
Q31,173,P5905
Q31,174,P3864
Q31,175,P3864
Q31,176,P3864
Q31,177,P3864
Q31,178,P3864
Q31,179,P6404
Q31,180,P1705
Q31,181,P1705
Q31,182,P1705
Q31,183,P7012
Q31,184,P6766
Q31,185,P5002
Q31,186,P6849
Q31,187,P989
Q31,188,P7471
Q31,189,P1245
Q31,190,P7314
Q31,191,P902
Q31,192,P3067
Q31,Q792363,P2596
Q31,193,P5400
Q31,194,P7870
Q31,Q8607310,P7867
Q31,195,P2855
Q31,196,P7818
Q31,197,P7829
Q31,198,P7827
Q31,199,P7832
Q31,200,P7822
Q31,201,P443
Q31,202,P443
Q31,203,P5437
Q31,204,P7982
Q31,205,P6058
Q31,206,P7859
Q31,207,P7322
Q31,208,P8349
Q31,Q63413946,P8402
Q31,209,P8408
Q31,210,P6385
Q31,211,P8406
Q31,Q15864,P1365
Q31,212,P8519
Q31,213,P5063
Q31,214,P1438
Q31,215,P3749
Q31,216,P6200
Q31,217,P8714
Q31,Q1769535,P8744
Q31,218,P5587
Q31,219,P7157
Q31,220,P8826
Q31,221,P6839
Q31,222,P8309
Q31,223,P4527
Q31,224,P5456
Q31,225,P8974
Q31,226,P9037
Q31,227,P9100
Q31,228,P8814
Q31,229,P9123
Q31,230,P6592
Q31,Q1996422,P9241
Q31,231,P9223
Q31,232,P5739
Q31,233,P9318
Q31,234,P6293
Q31,235,P7850
Q31,236,P7960
Q31,237,P3553
Q31,238,P8217
Q8,239,P1245
Q8,240,P373
Q8,Q331769,P31
Q8,Q60539479,P31
Q8,Q9415,P31
Q8,241,P508
Q8,242,P18
Q8,243,P18
Q8,244,P18
Q8,Q8505256,P910
Q8,245,P349
Q8,246,P646
Q8,247,P1296
Q8,248,P1296
Q8,249,P1296
Q8,250,P1296
Q8,251,P1051
Q8,Q20743760,P1343
Q8,Q1970746,P1343
Q8,Q19180675,P1343
Q8,Q106727050,P1343
Q8,252,P486
Q8,253,P227
Q8,254,P2612
Q8,Q169251,P461
Q8,Q105839683,P461
Q8,255,P1417
Q8,256,P3417
Q8,257,P3827
Q8,258,P244
Q8,259,P268
Q8,260,P3123
Q8,261,P3219
Q8,262,P3984
Q8,263,P5019
Q8,264,P2924
Q8,Q16748867,P279
Q8,265,P3241
Q8,266,P6573
Q8,267,P3235
Q8,268,P443
Q8,Q935526,P460
Q8,Q203994,P460
Q8,269,P4212
Q8,Q77468620,P361
Q8,270,P2572
Q8,271,P6366
Q8,Q487,P1552
Q8,Q1117179,P1552
Q8,272,P2347
Q8,273,P7033
Q8,274,P8408
Q8,275,P6839
Q8,276,P2581
Q8,277,P8885
Q8,278,P8814
Q8,279,P8895
Q8,280,P950
Q8,281,P3553
Q23,Q1347065,P509
Q23,282,P947
Q23,Q731635,P20
Q23,Q191789,P26
Q23,283,P109
Q23,Q768342,P22
Q23,Q458119,P25
Q23,Q161885,P27
Q23,Q30,P27
Q23,Q82955,P106
Q23,Q5138446,P237
Q23,284,P94
Q23,285,P373
Q23,286,P18
Q23,287,P227
Q23,288,P244
Q23,289,P214
Q23,290,P213
Q23,291,P569
Q23,292,P570
Q23,Q3519573,P166
Q23,Q721743,P166
Q23,Q52382875,P166
Q23,Q731635,P119
Q23,Q56546631,P119
Q23,Q11696,P39
Q23,Q1115127,P39
Q23,Q1115127,P39
Q23,Q30461,P39
Q23,Q1467287,P39
Q23,Q3280545,P410
Q23,Q2046665,P410
Q23,Q3100539,P410
Q23,293,P349
Q23,294,P269
Q23,295,P646
Q23,296,P535
Q23,297,P535
Q23,Q15921732,P735
Q23,Q41726,P463
Q23,Q466089,P463
Q23,Q463303,P463
Q23,Q26721351,P463
Q23,Q1632484,P463
Q23,Q54122,P241
Q23,Q9212,P241
Q23,Q40949,P607
Q23,Q1444930,P607
Q23,Q154697,P607
Q23,Q210602,P607
Q23,Q2449358,P607
Q23,Q2630469,P607
Q23,Q2656995,P607
Q23,Q3177722,P607
Q23,Q524828,P607
Q23,Q695485,P607
Q23,Q8055814,P607
Q23,Q8488276,P910
Q23,298,P691
Q23,299,P906
Q23,Q2550388,P734
Q23,300,P1273
Q23,301,P1430
Q23,Q186539,P361
Q23,Q3739104,P1196
Q23,302,P1185
Q23,303,P1711
Q23,304,P1670
Q23,305,P1368
Q23,306,P1695
Q23,307,P1375
Q23,308,P1741
Q23,309,P1263
Q23,310,P1816
Q23,311,P1819
Q23,312,P1248
Q23,313,P1559
Q23,314,P1938
Q23,315,P1442
Q23,Q1860,P103
Q23,316,P1157
Q23,317,P1971
Q23,318,P648
Q23,319,P1003
Q23,320,P1315
Q23,321,P2342
Q23,322,P935
Q23,Q2657718,P1343
Q23,Q17378135,P1343
Q23,Q20078554,P1343
Q23,Q602358,P1343
Q23,Q19180675,P1343
Q23,Q4114391,P1343
Q23,Q67311526,P1343
Q23,Q3181656,P1343
Q23,Q104218168,P1343
Q23,Q106727050,P1343
Q23,323,P2383
Q23,324,P1871
Q23,325,P2163
Q23,326,P950
Q23,327,P2600
Q23,328,P2949
Q23,329,P1266
Q23,330,P2019
Q23,331,P1899
Q23,332,P2924
Q23,Q682443,P140
Q23,333,P3222
Q23,Q850421,P3373
Q23,Q7412891,P3373
Q23,Q6219733,P3373
Q23,Q5083373,P3373
Q23,Q75764188,P3373
Q23,Q75764192,P3373
Q23,Q969817,P3373
Q23,Q4821226,P3373
Q23,Q75764198,P3373
Q23,334,P3417
Q23,335,P3430
Q23,Q1345,P551
Q23,Q494413,P551
Q23,Q60,P551
Q23,Q731635,P551
Q23,336,P949
Q23,Q1860,P1412
Q23,337,P3762
Q23,338,P3429
Q23,339,P4145
Q23,340,P4159
Q23,Q327591,P102
Q23,341,P1417
Q23,342,P4293
Q23,Q21004273,P1038
Q23,Q1701323,P1038
Q23,Q1508559,P1038
Q23,343,P3219
Q23,344,P1415
Q23,345,P4629
Q23,346,P1472
Q23,347,P1225
Q23,348,P4602
Q23,349,P1015
Q23,350,P1280
Q23,351,P3154
Q23,352,P4839
Q23,353,P4389
Q23,354,P2048
Q23,355,P2048
Q23,356,P4638
Q23,357,P651
Q23,358,P4823
Q23,359,P5019
Q23,Q5460604,P5008
Q23,Q104694359,P5008
Q23,360,P3029
Q23,361,P1617
Q23,362,P4081
Q23,363,P268
Q23,364,P1017
Q23,365,P1006
Q23,366,P5618
Q23,367,P4491
Q23,368,P2966
Q23,369,P2966
Q23,370,P2977
Q23,371,P3051
Q23,372,P5587
Q23,373,P3569
Q23,374,P5981
Q23,375,P4342
Q23,376,P1296
Q23,377,P245
Q23,Q6581097,P21
Q23,378,P409
Q23,379,P1005
Q23,380,P1207
Q23,Q19568889,P1830
Q23,Q48895080,P1830
Q23,Q1647292,P1830
Q23,Q731635,P1830
Q23,381,P6262
Q23,382,P5247
Q23,383,P5905
Q23,384,P6573
Q23,385,P4359
Q23,386,P6656
Q23,Q5,P31
Q23,387,P3365
Q23,388,P4223
Q23,389,P6404
Q23,Q19568889,P3091
Q23,Q6990337,P3091
Q23,390,P6844
Q23,Q1860,P6886
Q23,391,P3065
Q23,392,P271
Q23,393,P6394
Q23,394,P3280
Q23,395,P7026
Q23,396,P5504
Q23,397,P5034
Q23,398,P3788
Q23,399,P1890
Q23,400,P4619
Q23,Q14708020,P485
Q23,401,P1449
Q23,402,P989
Q23,403,P7128
Q23,404,P5739
Q23,405,P6058
Q23,406,P7818
Q23,L485,P6553
Q23,407,P7952
Q23,408,P7029
Q23,409,P7369
Q23,410,P7699
Q23,411,P7293
Q23,412,P7902
Q23,413,P1213
Q23,414,P7969
Q23,415,P7859
Q23,416,P1580
Q23,417,P8195
Q23,418,P2031
Q23,Q494413,P19
Q23,419,P1309
Q23,Q129104,P1050
Q23,Q3579096,P1050
Q23,420,P8408
Q23,421,P8034
Q23,422,P8462
Q23,Q698073,P3602
Q23,Q697949,P3602
Q23,423,P4457
Q23,424,P5063
Q23,425,P4539
Q23,426,P8179
Q23,427,P3348
Q23,428,P8189
Q23,429,P8568
Q23,430,P3388
Q23,431,P7982
Q23,432,P5421
Q23,433,P270
Q23,434,P8094
Q23,435,P7929
Q23,436,P8520
Q23,437,P8750
Q23,438,P2581
Q23,439,P6900
Q23,440,P3553
Q23,441,P5184
Q23,442,P7506
Q23,443,P5337
Q23,444,P7157
Q23,445,P8795
Q23,446,P8826
Q23,447,P6839
Q23,448,P6683
Q23,449,P5271
Q23,450,P2889
Q23,451,P9037
Q23,Q71887839,P7763
Q23,452,P7700
Q23,453,P9081
Q23,Q47414451,P1299
Q23,454,P8814
Q23,455,P8895
Q23,456,P8902
Q23,Q96414308,P53
Q23,457,P8168
Q23,458,P7666
Q23,459,P9495
Q23,460,P9371
Q24,Q15632617,P31
Q24,Q15773317,P31
Q24,Q1049347,P40
Q24,Q30,P27
Q24,Q1965022,P734
Q24,Q1159009,P735
Q24,Q2944031,P108
Q24,Q214126,P108
Q24,Q37230,P108
Q24,Q209114,P463
Q24,Q324563,P463
Q24,461,P569
Q24,Q174710,P69
Q24,Q168756,P69
Q24,Q14319576,P69
Q24,Q284262,P451
Q24,Q781068,P451
Q24,Q47164,P19
Q24,Q3322144,P22
Q24,Q852071,P166
Q24,Q145752,P166
Q24,Q724443,P166
Q24,Q19100,P410
Q24,Q1095612,P26
Q24,Q1765120,P512
Q24,Q950900,P512
Q24,Q5446967,P106
Q24,Q4991371,P106
Q24,Q20085850,P106
Q24,Q6581097,P21
Q24,462,P646
Q24,463,P18
Q24,Q56194,P1441
Q24,464,P1448
Q24,Q10290844,P3373
Q24,465,P140
Q24,466,P3417
Q24,467,P4839
Q24,Q103946,P175
Q24,Q1860,P1412
Q24,468,P1417
Q24,Q215972,P5800
Q24,469,P6262
Q24,470,P570
Q24,Q7283,P7047
Q24,471,P7704
Q24,472,P6839
Q24,473,P2581
Q24,474,P8895
Q42,Q5,P31
Q42,Q6581097,P21
Q42,Q214917,P106
Q42,Q28389,P106
Q42,Q6625963,P106
Q42,Q4853732,P106
Q42,Q18844224,P106
Q42,Q245068,P106
Q42,Q36180,P106
Q42,Q25169,P800
Q42,Q20736364,P800
Q42,Q7758404,P800
Q42,475,P569
Q42,Q350,P19
Q42,476,P570
Q42,Q3739104,P1196
Q42,Q12152,P509
Q42,Q159288,P20
Q42,Q533697,P119
Q42,477,P1442
Q42,478,P1015
Q42,Q463035,P735
Q42,Q351735,P734
Q42,479,P1559
Q42,480,P18
Q42,Q145,P27
Q42,Q84,P551
Q42,Q909993,P551
Q42,Q1860,P103
Q42,481,P1477
Q42,482,P1368
Q42,483,P244
Q42,484,P947
Q42,485,P214
Q42,486,P345
Q42,487,P373
Q42,488,P349
Q42,489,P434
Q42,490,P268
Q42,491,P227
Q42,492,P535
Q42,Q14623675,P22
Q42,Q14623678,P25
Q42,Q14623683,P40
Q42,493,P906
Q42,494,P1006
Q42,495,P949
Q42,496,P646
Q42,Q691283,P69
Q42,Q4961791,P69
Q42,497,P1273
Q42,Q9531,P108
Q42,Q3520623,P108
Q42,498,P998
Q42,499,P1233
Q42,500,P1284
Q42,501,P866
Q42,502,P1695
Q42,503,P1816
Q42,504,P1263
Q42,505,P271
Q42,506,P856
Q42,Q3414212,P1411
Q42,Q2576795,P1411
Q42,507,P1953
Q42,508,P648
Q42,509,P1258
Q42,510,P2191
Q42,511,P1266
Q42,512,P2019
Q42,513,P2188
Q42,514,P2168
Q42,515,P1315
Q42,516,P2163
Q42,517,P1417
Q42,518,P2611
Q42,519,P2435
Q42,520,P2604
Q42,521,P2387
Q42,522,P2626
Q42,523,P2605
Q42,524,P2963
Q42,Q8935487,P910
Q42,525,P3106
Q42,Q6607,P1303
Q42,526,P2469
Q42,Q14623673,P3373
Q42,527,P3417
Q42,528,P3430
Q42,529,P1617
Q42,530,P2048
Q42,531,P3222
Q42,532,P109
Q42,533,P4193
Q42,Q24925,P136
Q42,Q40831,P136
Q42,Q128758,P136
Q42,534,P4431
Q42,535,P2607
Q42,536,P1415
Q42,537,P2949
Q42,538,P3154
Q42,539,P3630
Q42,540,P1280
Q42,541,P2734
Q42,Q14623681,P26
Q42,542,P5019
Q42,Q857679,P463
Q42,Q5610831,P463
Q42,543,P2600
Q42,544,P5337
Q42,545,P5357
Q42,546,P5361
Q42,547,P5365
Q42,548,P5408
Q42,549,P5570
Q42,550,P1580
Q42,551,P5587
Q42,552,P3365
Q42,553,P269
Q42,554,P213
Q42,555,P691
Q42,556,P950
Q42,557,P1670
Q42,558,P409
Q42,559,P396
Q42,560,P1207
Q42,561,P1005
Q42,562,P1375
Q42,Q1860,P1412
Q42,563,P5247
Q42,564,P5905
Q42,565,P6839
Q42,566,P4342
Q42,567,P4785
Q42,Q662893,P2650
Q42,Q67074906,P485
Q42,568,P7029
Q42,569,P7029
Q42,Q67311526,P1343
Q42,570,P5034
Q42,571,P7433
Q42,572,P7400
Q42,573,P7704
Q42,574,P7859
Q42,575,P3762
Q42,576,P3065
Q42,577,P3846
Q42,578,P7293
Q42,579,P7700
Q42,580,P1890
Q42,581,P4619
Q42,582,P6394
Q42,583,P4839
Q42,584,P2581
Q42,585,P5284
Q42,586,P4862
Q42,587,P7661
Q42,588,P3913
Q42,589,P7214
Q42,590,P4666
Q42,591,P7215
Q42,592,P5233
Q42,593,P5033
Q42,594,P3305
Q42,595,P7745
Q42,596,P6464
Q42,597,P7300
Q42,598,P4657
Q42,599,P5534
Q42,600,P4985
Q42,601,P3845
Q42,602,P2638
Q42,603,P1712
Q42,604,P6119
Q42,605,P5340
Q42,606,P4438
Q42,607,P4326
Q42,608,P4768
Q42,609,P3142
Q42,610,P3136
Q42,611,P4782
Q42,612,P3145
Q42,613,P5882
Q42,614,P6327
Q42,615,P6517
Q42,616,P1728
Q42,617,P7195
Q42,618,P2722
Q42,619,P2373
Q42,620,P6351
Q42,621,P2850
Q42,622,P3192
Q42,623,P6874
Q42,624,P5404
Q42,625,P1828
Q42,626,P7154
Q42,627,P4198
Q42,628,P6972
Q42,629,P7071
Q42,630,P3479
Q42,631,P7284
Q42,632,P6620
Q42,633,P4204
Q42,634,P7506
Q42,635,P3341
Q42,636,P7803
Q42,637,P3388
Q42,638,P2087
Q42,639,P7369
Q42,640,P6298
Q42,641,P2889
Q42,Q1860,P6886
Q42,Q22898962,P1424
Q42,642,P7902
Q42,643,P8179
Q42,644,P3348
Q42,645,P8189
Q42,646,P7699
Q42,647,P3984
Q42,648,P8287
Q42,649,P8125
Q42,650,P4359
Q42,651,P8408
Q42,652,P6262
Q42,653,P6262
Q42,654,P6262
Q42,655,P6262
Q42,656,P6262
Q42,657,P6262
Q42,658,P6262
Q42,659,P6262
Q42,660,P6262
Q42,661,P4789
Q42,662,P6868
Q42,663,P8849
Q42,664,P8851
Q42,665,P5297
Q42,666,P8895
Q42,Q73555012,P7763
Q42,Q21454969,P1889
Q42,Q7994501,P172
Q42,Q84,P937
Q42,667,P742
Q42,668,P8385
Q42,669,P9100
Q42,670,P9196
Q42,671,P9251
Q42,672,P9307
Q42,Q17122705,P1340
Q42,Q24925,P101
Q1868,Q18375245,P734
Q1868,Q36180,P106
Q1868,Q40348,P106
Q1868,Q182436,P106
Q1868,Q1265807,P106
Q1868,Q205375,P106
Q1868,Q10429346,P106
Q1868,Q185351,P106
Q1868,Q95153477,P119
Q1868,Q3579983,P22
Q1868,Q239,P19
Q1868,Q9005,P20
Q1868,Q31,P27
Q1868,673,P214
Q1868,674,P244
Q1868,675,P227
Q1868,676,P268
Q1868,677,P269
Q1868,678,P349
Q1868,679,P213
Q1868,680,P373
Q1868,681,P569
Q1868,682,P570
Q1868,Q4925623,P735
Q1868,Q5,P31
Q1868,683,P646
Q1868,Q574606,P69
Q1868,Q20754971,P69
Q1868,684,P1472
Q1868,685,P1006
Q1868,686,P18
Q1868,687,P648
Q1868,688,P2163
Q1868,689,P950
Q1868,690,P245
Q1868,691,P409
Q1868,692,P1315
Q1868,693,P1417
Q1868,694,P650
Q1868,695,P3762
Q1868,696,P1015
Q1868,697,P1005
Q1868,698,P3630
Q1868,699,P4431
Q1868,Q134995,P101
Q1868,Q21198,P101
Q1868,Q5962346,P101
Q1868,700,P5306
Q1868,701,P949
Q1868,Q150,P1412
Q1868,Q451,P800
Q1868,Q243350,P800
Q1868,Q55824549,P3373
Q1868,Q6581097,P21
Q1868,702,P691
Q1868,Q150,P6886
Q1868,703,P1296
Q1868,704,P5034
Q1868,Q190894,P737
Q1868,705,P7859
Q1868,706,P7902
Q1868,707,P1580
Q1868,708,P1207
Q1868,709,P8034
Q1868,710,P4619
Q1868,711,P1273
Q1868,712,P8179
Q1868,713,P6394
Q1868,714,P6394
Q1868,715,P8189
Q1868,716,P7699
Q1868,717,P1368
Q1868,718,P7293
Q1868,719,P2963
Q1868,720,P7982
Q1868,721,P1375
Q1868,722,P8849
Q1868,723,P8349
Q1868,724,P271
Q1868,725,P3065
Q1868,726,P9085
Q1868,727,P535
Q1868,Q451,P485
Q1868,728,P1477
Q1868,729,P1813
Q2013,Q18618629,P112
Q2013,Q180,P112
Q2013,Q18618630,P112
Q2013,Q18503067,P166
Q2013,Q74903609,P166
Q2013,730,P1401
Q2013,Q33120876,P31
Q2013,Q638153,P31
Q2013,Q593744,P31
Q2013,Q36509592,P31
Q2013,Q7094076,P31
Q2013,Q33002955,P31
Q2013,Q15633582,P31
Q2013,Q35127,P31
Q2013,731,P154
Q2013,Q6938433,P275
Q2013,Q14946043,P275
Q2013,732,P646
Q2013,Q28773,P553
Q2013,Q106602245,P910
Q2013,733,P856
Q2013,734,P571
Q2013,Q180,P127
Q2013,735,P373
Q2013,736,P935
Q2013,737,P1482
Q2013,738,P1482
Q2013,Q8288,P178
Q2013,Q180,P178
Q2013,739,P1613
Q2013,Q8478926,P1424
Q2013,Q78012673,P1424
Q2013,740,P1800
Q2013,741,P1833
Q2013,742,P1921
Q2013,743,P2002
Q2013,744,P2013
Q2013,Q1062856,P793
Q2013,Q38074555,P793
Q2013,Q1062856,P793
Q2013,Q604733,P793
Q2013,745,P2037
Q2013,746,P2847
Q2013,747,P2689
Q2013,Q18325389,P2959
Q2013,Q54837,P361
Q2013,Q43984865,P361
Q2013,748,P3417
Q2013,Q20923490,P407
Q2013,749,P2572
Q2013,750,P3984
Q2013,751,P2666
Q2013,Q171,P138
Q2013,Q42848,P138
Q2013,Q20084080,P1535
Q2013,Q29032512,P1535
Q2013,Q26964791,P1535
Q2013,Q20950365,P1535
Q2013,Q28054658,P1535
Q2013,Q21283216,P1535
Q2013,Q20656106,P1535
Q2013,Q5583871,P1535
Q2013,Q17595556,P1535
Q2013,Q20726406,P1535
Q2013,Q21281236,P1535
Q2013,Q21449969,P1535
Q2013,Q21914398,P1535
Q2013,Q23665536,P1535
Q2013,Q23831237,P1535
Q2013,Q25337203,P1535
Q2013,Q26882268,P1535
Q2013,Q29167550,P1535
Q2013,Q29167605,P1535
Q2013,Q47525820,P1535
Q2013,Q48719750,P1535
Q2013,Q62057752,P1535
Q2013,Q55840137,P1535
Q2013,Q18275868,P1535
Q2013,Q45340488,P1535
Q2013,Q55582517,P1535
Q2013,Q42309254,P1535
Q2013,Q32786132,P2702
Q2013,Q58624545,P2702
Q2013,Q16354758,P408
Q2013,Q83,P408
Q2013,Q56035565,P50
Q2013,752,P1661
Q2013,Q18507561,P1343
Q2013,Q56010228,P1343
Q2013,Q27042516,P1343
Q2013,Q29644957,P1343
Q2013,753,P4354
Q2013,754,P1705
Q2013,755,P4793
Q2013,756,P4824
Q2013,757,P5161
Q2013,758,P5305
Q2013,Q28859214,P170
Q2013,Q8288,P170
Q2013,759,P1972
Q2013,Q59,P277
Q2013,760,P6307
Q2013,Q3070474,P859
Q2013,Q16002567,P859
Q2013,Q95,P859
Q2013,Q16222597,P527
Q2013,Q51885771,P527
Q2013,761,P6611
Q2013,762,P2581
Q2013,763,P6720
Q2013,764,P6720
Q2013,765,P6720
Q2013,766,P3789
Q2013,767,P6269
Q2013,768,P5801
Q2013,769,P3553
Q2013,770,P1813
Q2013,771,P1813
Q2013,772,P1813
Q2013,773,P443
Q2013,774,P443
Q2013,775,P7703
Q2013,776,P7014
Q2013,777,P7818
Q2013,778,P227
Q2013,779,P5692
Q2013,780,P5692
Q2013,781,P5692
Q2013,782,P5692
Q2013,783,P5692
Q2013,784,P444
Q2013,Q21830599,P1365
Q2013,Q677652,P1365
Q2013,785,P8408
Q2013,Q88088423,P6216
Q2013,786,P18
Q2013,787,P8009
Q2013,788,P8605
Q2013,Q99608496,P2283
Q2013,Q16354758,P2283
Q2013,789,P7827
Q2013,790,P214
Q2013,791,P244
Q2013,792,P8972
Q2013,793,P9100
Q2013,794,P8687
Q2013,Q905511,P1552
Q2013,Q1063801,P1552
Q2013,Q105459799,P1552
Q2013,795,P8885
Q2013,796,P9395
Q2013,797,P9345
Q2013,798,P9618
Q2013,Q18618629,P61
Q45,799,P1036
Q45,Q10815313,P1151
Q45,Q46,P30
Q45,Q597,P36
Q45,Q4916,P38
Q45,Q5146,P37
Q45,Q13330,P37
Q45,Q6756617,P35
Q45,Q39959,P78
Q45,Q161049,P85
Q45,Q29,P47
Q45,Q5739,P47
Q45,Q3624078,P31
Q45,Q6256,P31
Q45,Q20181813,P31
Q45,800,P297
Q45,801,P298
Q45,802,P299
Q45,Q6540,P421
Q45,Q128812,P163
Q45,803,P402
Q45,804,P373
Q45,805,P474
Q45,Q610788,P6
Q45,806,P242
Q45,807,P242
Q45,808,P242
Q45,Q740564,P194
Q45,Q928681,P610
Q45,Q207199,P150
Q45,Q244512,P150
Q45,Q244510,P150
Q45,Q274109,P150
Q45,Q321455,P150
Q45,Q244521,P150
Q45,Q274118,P150
Q45,Q225189,P150
Q45,Q273529,P150
Q45,Q273533,P150
Q45,Q244517,P150
Q45,Q210527,P150
Q45,Q273525,P150
Q45,Q373528,P150
Q45,Q379372,P150
Q45,Q322792,P150
Q45,Q326203,P150
Q45,Q326214,P150
Q45,Q26253,P150
Q45,Q25263,P150
Q45,Q7270,P122
Q45,809,P41
Q45,Q458,P463
Q45,Q1065,P463
Q45,Q7184,P463
Q45,Q41550,P463
Q45,Q8908,P463
Q45,Q42262,P463
Q45,Q7825,P463
Q45,Q151991,P463
Q45,Q81299,P463
Q45,Q191384,P463
Q45,Q827525,P463
Q45,Q656801,P463
Q45,Q1043527,P463
Q45,Q899770,P463
Q45,Q340195,P463
Q45,Q188822,P463
Q45,Q782942,P463
Q45,Q182500,P463
Q45,Q1377612,P463
Q45,Q663492,P463
Q45,Q1928989,P463
Q45,Q1072120,P463
Q45,Q8475,P463
Q45,Q1480793,P463
Q45,Q842490,P463
Q45,Q3866537,P463
Q45,Q233611,P463
Q45,Q826700,P463
Q45,Q7809,P463
Q45,Q5611262,P463
Q45,Q17495,P463
Q45,Q376150,P463
Q45,Q1969730,P463
Q45,Q45177,P463
Q45,Q162656,P463
Q45,Q170424,P463
Q45,Q7817,P463
Q45,810,P625
Q45,Q48438,P417
Q45,Q183563,P832
Q45,Q1455963,P910
Q45,811,P94
Q45,Q200195,P237
Q45,812,P948
Q45,813,P349
Q45,814,P227
Q45,815,P605
Q45,816,P998
Q45,817,P984
Q45,818,P982
Q45,Q45,P17
Q45,819,P646
Q45,820,P901
Q45,821,P1566
Q45,Q7482564,P1465
Q45,Q7463339,P1464
Q45,Q7521968,P1740
Q45,Q6369955,P1791
Q45,Q7062223,P1792
Q45,822,P1549
Q45,823,P1549
Q45,824,P1549
Q45,825,P1549
Q45,826,P1549
Q45,827,P1549
Q45,828,P1549
Q45,829,P1549
Q45,830,P1549
Q45,831,P1549
Q45,832,P1549
Q45,833,P1549
Q45,834,P1549
Q45,835,P1549
Q45,836,P1549
Q45,837,P1549
Q45,838,P1549
Q45,839,P1549
Q45,840,P1549
Q45,841,P1549
Q45,842,P1549
Q45,843,P1549
Q45,844,P1549
Q45,845,P1549
Q45,846,P1549
Q45,847,P1549
Q45,848,P1549
Q45,849,P1549
Q45,850,P1549
Q45,851,P1549
Q45,852,P1082
Q45,Q38,P530
Q45,Q155,P530
Q45,Q183,P530
Q45,Q408,P530
Q45,Q1011,P530
Q45,Q212,P530
Q45,Q1039,P530
Q45,Q145,P530
Q45,Q29,P530
Q45,Q916,P530
Q45,Q414,P530
Q45,Q219,P530
Q45,Q35,P530
Q45,Q574,P530
Q45,Q252,P530
Q45,Q1246,P530
Q45,Q1028,P530
Q45,Q233,P530
Q45,Q1029,P530
Q45,Q77,P530
Q45,Q865,P530
Q45,Q30,P530
Q45,Q403,P530
Q45,Q159,P530
Q45,Q399,P530
Q45,Q148,P530
Q45,Q668,P530
Q45,Q17,P530
Q45,Q902,P530
Q45,Q16,P530
Q45,Q28,P530
Q45,Q423,P530
Q45,853,P244
Q45,854,P268
Q45,855,P268
Q45,Q45670,P155
Q45,856,P2163
Q45,Q7790,P2184
Q45,857,P898
Q45,858,P935
Q45,859,P2258
Q45,Q97,P1589
Q45,Q14565199,P1622
Q45,Q429135,P2633
Q45,860,P1417
Q45,861,P1198
Q45,Q2041543,P1343
Q45,Q602358,P1343
Q45,Q4173137,P1343
Q45,Q19180675,P1343
Q45,Q4114391,P1343
Q45,Q4532138,P1343
Q45,Q3181656,P1343
Q45,Q1061257,P2852
Q45,Q1378312,P2853
Q45,Q1123613,P2853
Q45,862,P2884
Q45,863,P3006
Q45,Q16850120,P208
Q45,Q23059791,P2959
Q45,Q38527299,P2959
Q45,864,P1332
Q45,865,P3221
Q45,866,P3106
Q45,867,P3270
Q45,868,P3271
Q45,869,P2997
Q45,870,P3000
Q45,871,P2046
Q45,872,P3222
Q45,873,P1081
Q45,874,P3417
Q45,875,P3417
Q45,876,P1333
Q45,877,P1334
Q45,878,P1335
Q45,879,P3422
Q45,880,P1813
Q45,881,P3612
Q45,882,P3984
Q45,Q1723031,P1313
Q45,883,P2347
Q45,884,P3509
Q45,885,P1667
Q45,886,P3911
Q45,887,P443
Q45,888,P443
Q45,889,P443
Q45,890,P443
Q45,Q322459,P1906
Q45,891,P3916
Q45,892,P395
Q45,893,P1225
Q45,Q2915956,P527
Q45,Q2914565,P527
Q45,Q3032141,P527
Q45,894,P2982
Q45,895,P2981
Q45,896,P4427
Q45,897,P3001
Q45,898,P486
Q45,Q378372,P1304
Q45,899,P3219
Q45,900,P1448
Q45,901,P1448
Q45,902,P1448
Q45,903,P2581
Q45,904,P2573
Q45,905,P4725
Q45,Q3174312,P1552
Q45,Q12837,P706
Q45,906,P2924
Q45,907,P4841
Q45,908,P2979
Q45,909,P1296
Q45,910,P4212
Q45,911,P5019
Q45,Q5460604,P5008
Q45,Q54439832,P5008
Q45,Q7112415,P5125
Q45,912,P5180
Q45,913,P3896
Q45,Q200464,P1365
Q45,Q45670,P1365
Q45,914,P1705
Q45,915,P1705
Q45,916,P213
Q45,917,P4081
Q45,918,P5337
Q45,919,P2004
Q45,920,P1617
Q45,921,P950
Q45,922,P269
Q45,923,P3743
Q45,924,P5573
Q45,925,P949
Q45,Q13196750,P5658
Q45,926,P691
Q45,927,P2250
Q45,928,P3175
Q45,929,P3024
Q45,930,P3241
Q45,931,P3068
Q45,932,P214
Q45,933,P5698
Q45,934,P571
Q45,Q11142608,P6104
Q45,935,P5247
Q45,936,P487
Q45,937,P6573
Q45,938,P4801
Q45,939,P5198
Q45,940,P5250
Q45,Q5146,P2936
Q45,Q6863806,P2936
Q45,Q3915472,P2936
Q45,Q13330,P2936
Q45,Q9307,P2936
Q45,Q29507,P2936
Q45,941,P5905
Q45,942,P6766
Q45,943,P7012
Q45,944,P6849
Q45,945,P7295
Q45,946,P6404
Q45,947,P3365
Q45,948,P4223
Q45,949,P4223
Q45,950,P4223
Q45,951,P4223
Q45,952,P4223
Q45,953,P4223
Q45,954,P4223
Q45,955,P4223
Q45,956,P4223
Q45,957,P856
Q45,958,P1245
Q45,959,P902
Q45,960,P3067
Q45,Q2746216,P2596
Q45,961,P5400
Q45,962,P7870
Q45,Q84036194,P7867
Q45,963,P2855
Q45,964,P7818
Q45,965,P7843
Q45,966,P7829
Q45,967,P7827
Q45,968,P7832
Q45,969,P7841
Q45,970,P7822
Q45,971,P5437
Q45,972,P7996
Q45,973,P7859
Q45,974,P6987
Q45,Q1721024,P2579
Q45,975,P1451
Q45,976,P6413
Q45,977,P3097
Q45,978,P3097
Q45,Q97061964,P8402
Q45,979,P8408
Q45,980,P8472
Q45,981,P8406
Q45,982,P5843
Q45,983,P8483
Q45,Q50807777,P361
Q45,984,P672
Q45,985,P5063
Q45,986,P1438
Q45,Q1649355,P8744
Q45,987,P7157
Q45,988,P8826
Q45,989,P6839
Q45,990,P8974
Q45,991,P9037
Q45,992,P9037
Q45,993,P5456
Q45,994,P9100
Q45,995,P4527
Q45,996,P8885
Q45,997,P8814
Q45,998,P6592
Q45,Q1981371,P9241
Q45,999,P7471
Q45,1000,P9368
Q45,1001,P9545
Q45,1002,P7850
Q45,1003,P7960
Q45,Q97,P206
Q45,1004,P6262
Q45,1005,P6262
Q45,1006,P6262
Q45,1007,P6262
Q45,1008,P4073
Q45,1009,P3553
Q45,1010,P8217
Q51,1011,P1225
Q51,1012,P1082
Q51,1013,P1667
Q51,Q13231363,P1151
Q51,1014,P1333
Q51,Q7217296,P910
Q51,1015,P214
Q51,Q32777447,P1791
Q51,1016,P242
Q51,1017,P3896
Q51,1018,P4613
Q51,1019,P4613
Q51,1020,P1566
Q51,1021,P2046
Q51,1022,P2046
Q51,1023,P3612
Q51,1024,P804
Q51,1025,P5573
Q51,1026,P2163
Q51,1027,P6385
Q51,1028,P4427
Q51,1029,P1943
Q51,1030,P1417
Q51,1031,P3175
Q51,Q41228,P706
Q51,1032,P948
Q51,Q8458027,P1740
Q51,1033,P5019
Q51,1034,P6265
Q51,1035,P3222
Q51,1036,P3219
Q51,1037,P2347
Q51,Q22828208,P2959
Q51,1038,P3106
Q51,Q186203,P61
Q51,Q76754,P61
Q51,Q4349082,P61
Q51,1039,P373
Q51,1040,P5905
Q51,1041,P402
Q51,1042,P1944
Q51,Q5107,P31
Q51,Q82794,P31
Q51,Q312461,P31
Q51,Q163758,P610
Q51,Q8726230,P1464
Q51,1043,P2082
Q51,1044,P935
Q51,Q5762,P421
Q51,Q6513,P421
Q51,Q6574,P421
Q51,Q6760,P421
Q51,Q6806,P421
Q51,Q6906,P421
Q51,Q6940,P421
Q51,Q6985,P421
Q51,Q7056,P421
Q51,Q7069,P421
Q51,Q7105,P421
Q51,1045,P3230
Q51,1046,P906
Q51,Q21590062,P131
Q51,Q722537,P2184
Q51,1047,P3417
Q51,Q818322,P1589
Q51,1048,P3365
Q51,1049,P3221
Q51,Q2742952,P2633
Q51,1050,P3134
Q51,1051,P2888
Q51,1052,P5198
Q51,Q23408,P150
Q51,Q129003,P150
Q51,Q131198,P150
Q51,Q35086,P150
Q51,1053,P474
Q51,1054,P646
Q51,1055,P3984
Q51,1056,P1549
Q51,1057,P1549
Q51,Q41579184,P138
Q51,Q25322,P138
Q51,1058,P244
Q51,1059,P625
Q51,1060,P901
Q51,Q5460604,P5008
Q51,Q19180675,P1343
Q51,Q602358,P1343
Q51,Q4091878,P1343
Q51,1061,P1332
Q51,1062,P18
Q51,Q8366404,P1465
Q51,1063,P691
Q51,Q182814,P92
Q51,Q13379817,P1424
Q51,Q205895,P361
Q51,Q1555938,P361
Q51,Q2,P361
Q51,1064,P1375
Q51,1065,P5250
Q51,1066,P5250
Q51,1067,P5250
Q51,1068,P6573
Q51,1069,P6591
Q51,1070,P4801
Q51,1071,P6839
Q51,1072,P7033
Q51,1073,P6766
Q51,1074,P1245
Q51,1075,P902
Q51,1076,P6262
Q51,1077,P3109
Q51,1078,P7775
Q51,1079,P2924
Q51,1080,P227
Q51,Q83991827,P7867
Q51,1081,P6058
Q51,1082,P7818
Q51,1083,P7829
Q51,1084,P7827
Q51,1085,P7832
Q51,1086,P7822
Q51,1087,P7859
Q51,1088,P7859
Q51,1089,P487
Q51,1090,P8408
Q51,1091,P8519
Q51,1092,P5063
Q51,1093,P8714
Q51,1094,P5587
Q51,1095,P7471
Q51,1096,P7471
Q51,1097,P7471
Q51,1098,P8826
Q51,1099,P2581
Q51,1100,P5337
Q51,1101,P8814
Q51,1102,P9346
Q51,1103,P6293
Q51,1104,P8309
Q51,Q530917,P527
Q51,Q866405,P527
Q58,Q842083,P361
Q58,Q181100,P361
Q58,1105,P373
Q58,1106,P508
Q58,Q7164040,P910
Q58,1107,P646
Q58,1108,P227
Q58,1109,P1036
Q58,1110,P1036
Q58,1111,P1036
Q58,1112,P18
Q58,Q4620674,P279
Q58,1113,P1256
Q58,1114,P935
Q58,1115,P1417
Q58,Q22828764,P2959
Q58,1116,P3417
Q58,1117,P3417
Q58,1118,P3827
Q58,Q650891,P527
Q58,Q1455226,P527
Q58,Q9386,P527
Q58,Q673203,P527
Q58,Q988343,P527
Q58,1119,P3471
Q58,Q873072,P4545
Q58,1120,P2581
Q58,1121,P5019
Q58,Q3297588,P1419
Q58,1122,P3365
Q58,1123,P487
Q58,1124,P443
Q58,1125,P1245
Q58,1126,P7818
Q58,1127,P7829
Q58,1128,P7827
Q58,1129,P6366
Q58,1130,P2347
Q58,1131,P7033
Q58,1132,P5082
Q58,1133,P8408
Q58,1134,P2713
Q58,1135,P2713
Q58,1136,P950
Q58,1137,P8285
Q58,1138,P604
Q58,1139,P8814
Q58,1140,P7807
Q58,1141,P8419
Q58,1142,P244
Q58,1143,P7329
Q58,1144,P268
Q68,1145,P1014
Q68,Q2858615,P279
Q68,Q241317,P279
Q68,Q1662611,P279
Q68,1146,P18
Q68,1147,P18
Q68,1148,P18
Q68,1149,P18
Q68,Q6061304,P910
Q68,Q106841360,P910
Q68,Q33098560,P910
Q68,Q106843693,P910
Q68,Q9731959,P910
Q68,1150,P373
Q68,1151,P227
Q68,1152,P349
Q68,1153,P646
Q68,1154,P1036
Q68,1155,P1036
Q68,1156,P1036
Q68,1157,P1051
Q68,1158,P244
Q68,1159,P268
Q68,Q6719084,P737
Q68,1160,P935
Q68,Q5616658,P1424
Q68,1161,P2612
Q68,1162,P1417
Q68,1163,P1296
Q68,1164,P3417
Q68,Q2384798,P527
Q68,Q7397,P527
Q68,Q3966,P527
Q68,Q250,P527
Q68,Q5300,P527
Q68,Q183484,P527
Q68,1165,P3569
Q68,1166,P3827
Q68,1167,P3916
Q68,1168,P3471
Q68,1169,P1225
Q68,1170,P3222
Q68,1171,P1256
Q68,1172,P2581
Q68,1173,P3219
Q68,1174,P4254
Q68,1175,P5019
Q68,Q5460604,P5008
Q68,Q7112590,P5125
Q68,1176,P5198
Q68,1177,P5357
Q68,1178,P5398
Q68,Q179310,P2579
Q68,1179,P486
Q68,Q31087,P1889
Q68,Q5300,P1889
Q68,Q5290,P1889
Q68,Q179310,P1889
Q68,1180,P6573
Q68,1181,P7033
Q68,1182,P989
Q68,1183,P1245
Q68,1184,P7749
Q68,1185,P7818
Q68,1186,P7822
Q68,1187,P7827
Q68,1188,P7829
Q68,1189,P5437
Q68,1190,P2347
Q68,1191,P6900
Q68,Q1781447,P1552
Q68,Q716676,P1552
Q68,Q1197550,P1552
Q68,1192,P8408
Q68,1193,P8519
Q68,1194,P51
Q68,1195,P51
Q68,1196,P8834
Q68,1197,P3847
Q68,1198,P8855
Q68,1199,P3984
Q68,Q151885,P31
Q68,Q39546,P31
Q68,1200,P9318
Q68,1201,P6293
Q68,1202,P8309
Q68,1203,P8514
Q68,1204,P508
Q68,1205,P950
Q68,1206,P3553
Q75,1207,P1036
Q75,1208,P1036
Q75,1209,P1036
Q75,1210,P1036
Q75,Q11224256,P31
Q75,Q1301371,P31
Q75,Q14208553,P31
Q75,1211,P349
Q75,1212,P373
Q75,1213,P227
Q75,Q4049595,P910
Q75,Q106841358,P910
Q75,1214,P646
Q75,Q8133040,P1151
Q75,1215,P1051
Q75,1216,P244
Q75,1217,P2612
Q75,1218,P1807
Q75,1219,P1417
Q75,Q466,P1889
Q75,Q193315,P2184
Q75,1220,P3221
Q75,1221,P3106
Q75,Q92743,P61
Q75,Q62843,P61
Q75,1222,P3417
Q75,1223,P1296
Q75,1224,P3612
Q75,1225,P3827
Q75,1226,P3569
Q75,Q13415274,P1424
Q75,1227,P268
Q75,1228,P3509
Q75,1229,P1225
Q75,1230,P1256
Q75,1231,P2581
Q75,1232,P4613
Q75,1233,P2924
Q75,1234,P4854
Q75,1235,P4973
Q75,1236,P5019
Q75,Q5460604,P5008
Q75,1237,P5084
Q75,1238,P486
Q75,Q7112764,P5125
Q75,1239,P5250
Q75,1240,P5198
Q75,1241,P5357
Q75,1242,P5398
Q75,Q1068715,P279
Q75,Q151885,P279
Q75,1243,P3235
Q75,1244,P3365
Q75,1245,P3911
Q75,1246,P5844
Q75,1247,P5395
Q75,Q4208106,P1343
Q75,Q47470796,P1343
Q75,Q47484682,P1343
Q75,Q15060227,P6104
Q75,1248,P6417
Q75,1249,P6573
Q75,1250,P1014
Q75,1251,P6870
Q75,1252,P672
Q75,1253,P571
Q75,1254,P1150
Q75,1255,P4212
Q75,Q8795,P2283
Q75,1256,P949
Q75,1257,P6900
Q75,1258,P3553
Q75,1259,P1245
Q75,1260,P902
Q75,1261,P7033
Q75,1262,P6366
Q75,1263,P7818
Q75,1264,P7827
Q75,1265,P7952
Q75,1266,P5437
Q75,1267,P3222
Q75,1268,P3916
Q75,1269,P4073
Q75,1270,P4527
Q75,1271,P7982
Q75,1272,P508
Q75,Q8795,P5009
Q75,1273,P18
Q75,1274,P18
Q75,1275,P18
Q75,Q14623843,P2579
Q75,Q165650,P2579
Q75,Q97008347,P2579
Q75,1276,P8408
Q75,Q861083,P1365
Q75,1277,P8519
Q75,1278,P950
Q75,1279,P6200
Q75,1280,P6839
Q75,1281,P8309
Q75,1282,P3847
Q75,1283,P3847
Q75,1284,P3847
Q75,1285,P5337
Q75,1286,P6262
Q75,1287,P9346
Q75,1288,P9368
Q75,1289,P3743
Q75,1290,P9272
Q102,Q101991,P31
Q102,1291,P646
Q102,1292,P3417
Q102,Q4135602,P279
Q102,1293,P6366
Q102,1294,P2581
Q103,Q7366,P31
Q103,Q2318968,P86
Q103,Q2419093,P86
Q103,Q2117821,P86
Q103,Q161819,P175
Q103,Q310295,P175
Q103,1295,P435
Q103,1296,P646
Q103,1297,P1417
Q103,1298,P443
Q103,Q4772423,P676
Q103,Q2419093,P676
Q103,Q2318968,P676
Q103,Q1860,P407
Q103,Q1022293,P826
Q103,1299,P1827
Q103,1300,P1651
Q103,1301,P6181
Q103,1302,P577
Q103,1303,P5229
Q103,1304,P989
Q103,Q48834759,P361
Q103,1305,P6900
Q103,Q492264,P136
Q103,1306,P2581
Q125,1307,P948
Q125,1308,P1245
Q125,Q19108,P138
Q125,Q337506,P138
Q125,Q4282505,P138
Q125,Q33971,P138
Q125,Q124,P155
Q125,Q126,P156
Q125,Q18602249,P279
Q125,1309,P373
Q125,Q6469033,P910
Q125,1310,P227
Q125,1311,P646
Q125,1312,P18
Q125,Q2997,P527
Q125,Q2996,P527
Q125,Q2995,P527
Q125,Q2994,P527
Q125,Q2993,P527
Q125,Q2992,P527
Q125,Q2989,P527
Q125,Q2990,P527
Q125,Q2991,P527
Q125,Q2988,P527
Q125,Q2987,P527
Q125,Q2986,P527
Q125,Q2984,P527
Q125,Q2983,P527
Q125,Q2982,P527
Q125,Q3029,P527
Q125,Q3028,P527
Q125,Q3027,P527
Q125,Q3026,P527
Q125,Q3024,P527
Q125,Q3023,P527
Q125,Q3025,P527
Q125,Q3021,P527
Q125,Q3022,P527
Q125,Q3020,P527
Q125,Q3019,P527
Q125,Q3018,P527
Q125,Q3017,P527
Q125,Q3016,P527
Q125,Q3015,P527
Q125,1313,P935
Q125,1314,P1417
Q125,Q21198845,P2959
Q125,Q28790351,P2959
Q125,Q56299419,P2959
Q125,1315,P3417
Q125,Q47018901,P31
Q125,1316,P2581
Q125,1317,P2919
Q125,1318,P2561
Q125,1319,P2561
Q125,1320,P2561
Q125,1321,P2561
Q125,1322,P1545
Q125,1323,P5019
Q125,Q602358,P1343
Q125,Q19190511,P1343
Q125,Q3181656,P1343
Q125,1324,P443
Q125,1325,P443
Q125,1326,P1256
Q125,1327,P6771
Q125,1328,P7818
Q125,1329,P7829
Q125,1330,P7827
Q125,1331,P7822
Q125,1332,P3222
Q125,Q11184,P361
Q125,Q12138,P361
Q125,Q1130275,P361
Q125,1333,P4895
Q125,Q2002915,P1889
Q125,1334,P8408
Q125,1335,P4342
Q125,1336,P4854
Q125,1337,P6228
Q125,1338,P6262
Q125,1339,P6262
Q125,1340,P9318
Q140,1341,P225
Q140,Q7432,P105
Q140,Q127960,P171
Q140,Q15294488,P1403
Q140,Q278113,P141
Q140,1342,P181
Q140,1343,P830
Q140,1344,P815
Q140,1345,P685
Q140,1346,P959
Q140,1347,P842
Q140,1348,P227
Q140,1349,P349
Q140,1350,P1014
Q140,1351,P646
Q140,1352,P1036
Q140,1353,P1245
Q140,Q6987175,P910
Q140,1354,P373
Q140,1355,P846
Q140,1356,P487
Q140,1357,P2040
Q140,1358,P935
Q140,1359,P1417
Q140,1360,P244
Q140,1361,P1843
Q140,1362,P1843
Q140,1363,P1843
Q140,1364,P1843
Q140,1365,P1843
Q140,1366,P1843
Q140,1367,P1843
Q140,1368,P1843
Q140,1369,P1843
Q140,1370,P1843
Q140,1371,P1843
Q140,1372,P1843
Q140,1373,P1843
Q140,1374,P1843
Q140,1375,P1843
Q140,1376,P1843
Q140,1377,P1843
Q140,1378,P1843
Q140,1379,P1843
Q140,1380,P1843
Q140,1381,P1843
Q140,1382,P1843
Q140,1383,P1843
Q140,1384,P1843
Q140,1385,P1843
Q140,1386,P1843
Q140,1387,P1843
Q140,1388,P1843
Q140,1389,P1843
Q140,1390,P1843
Q140,1391,P1843
Q140,1392,P1843
Q140,1393,P1843
Q140,1394,P1843
Q140,1395,P1843
Q140,1396,P1843
Q140,1397,P1843
Q140,1398,P1843
Q140,1399,P1843
Q140,1400,P1843
Q140,1401,P1843
Q140,1402,P1843
Q140,1403,P1843
Q140,1404,P1843
Q140,1405,P1843
Q140,1406,P1843
Q140,1407,P1843
Q140,1408,P1843
Q140,1409,P1843
Q140,1410,P1843
Q140,1411,P1843
Q140,1412,P1843
Q140,1413,P1843
Q140,1414,P1843
Q140,1415,P1843
Q140,1416,P1843
Q140,1417,P1843
Q140,1418,P1843
Q140,1419,P1843
Q140,1420,P1843
Q140,1421,P1843
Q140,1422,P1843
Q140,1423,P1843
Q140,1424,P1843
Q140,1425,P1843
Q140,1426,P1843
Q140,1427,P1843
Q140,1428,P1843
Q140,1429,P1843
Q140,1430,P1843
Q140,1431,P1843
Q140,1432,P1843
Q140,1433,P1843
Q140,1434,P1843
Q140,1435,P1843
Q140,1436,P1843
Q140,1437,P1843
Q140,1438,P1843
Q140,1439,P1843
Q140,1440,P1843
Q140,1441,P1843
Q140,1442,P1843
Q140,1443,P1843
Q140,1444,P1843
Q140,1445,P1843
Q140,1446,P627
Q140,1447,P2833
Q140,1448,P3063
Q140,1449,P3031
Q140,1450,P3151
Q140,1451,P3186
Q140,1452,P3485
Q140,1453,P3827
Q140,1454,P268
Q140,1455,P3417
Q140,1456,P4024
Q140,1457,P1225
Q140,1458,P4728
Q140,1459,P3219
Q140,Q1138524,P1343
Q140,Q4086271,P1343
Q140,Q1970746,P1343
Q140,Q602358,P1343
Q140,Q19180675,P1343
Q140,Q4173137,P1343
Q140,Q1768721,P1343
Q140,Q3181656,P1343
Q140,Q106727050,P1343
Q140,Q3177438,P4733
Q140,1460,P5019
Q140,1461,P2924
Q140,1462,P5055
Q140,1463,P5221
Q140,1464,P5698
Q140,1465,P5397
Q140,1466,P6033
Q140,1467,P18
Q140,1468,P18
Q140,1469,P6573
Q140,1470,P443
Q140,1471,P443
Q140,1472,P443
Q140,1473,P1296
Q140,1474,P486
Q140,1475,P989
Q140,1476,P51
Q140,1477,P4212
Q140,1478,P2067
Q140,1479,P2067
Q140,1480,P2067
Q140,1481,P7725
Q140,1482,P4214
Q140,1483,P7862
Q140,1484,P7818
Q140,1485,P7829
Q140,1486,P7827
Q140,1487,P7822
Q140,1488,P6105
Q140,1489,P6864
Q140,1490,P2347
Q140,1491,P7033
Q140,1492,P8408
Q140,1493,P8519
Q140,Q6667323,P279
Q140,Q17611534,P2670
Q140,Q98520146,P2670
Q140,Q16521,P31
Q140,1494,P2581
Q140,1495,P7506
Q140,1496,P5184
Q140,1497,P6900
Q140,1498,P3553
Q140,1499,P5337
Q140,1500,P6200
Q140,1501,P4527
Q140,Q104595349,P8989
Q140,Q120446,P1552
Q140,1502,P9198
Q140,Q3255068,P9566
Q140,1503,P508
Q140,1504,P950
Q144,Q39201,P366
Q144,Q36963,P366
Q144,Q680928,P366
Q144,Q2827808,P366
Q144,1505,P487
Q144,1506,P487
Q144,1507,P1245
Q144,1508,P1036
Q144,1509,P1036
Q144,1510,P373
Q144,1511,P508
Q144,Q6830323,P910
Q144,1512,P646
Q144,1513,P227
Q144,Q152457,P417
Q144,Q159834,P417
Q144,Q212850,P417
Q144,1514,P1051
Q144,Q57814795,P279
Q144,Q39201,P279
Q144,1515,P935
Q144,1516,P2167
Q144,Q2041543,P1343
Q144,Q602358,P1343
Q144,Q4086271,P1343
Q144,Q19180675,P1343
Q144,Q4532138,P1343
Q144,Q1768721,P1343
Q144,Q106727050,P1343
Q144,1517,P1417
Q144,1518,P349
Q144,1519,P3219
Q144,1520,P3221
Q144,1521,P1843
Q144,1522,P1843
Q144,1523,P1843
Q144,1524,P1843
Q144,1525,P1843
Q144,1526,P1843
Q144,1527,P1843
Q144,1528,P1843
Q144,1529,P1843
Q144,1530,P1843
Q144,1531,P1843
Q144,1532,P1843
Q144,1533,P1843
Q144,1534,P1843
Q144,1535,P1843
Q144,1536,P1843
Q144,1537,P1843
Q144,1538,P1843
Q144,1539,P1843
Q144,1540,P1843
Q144,1541,P1843
Q144,1542,P1843
Q144,1543,P1843
Q144,1544,P1843
Q144,1545,P1843
Q144,1546,P1843
Q144,1547,P1843
Q144,1548,P1843
Q144,1549,P1843
Q144,1550,P1843
Q144,1551,P1843
Q144,1552,P1843
Q144,1553,P1843
Q144,1554,P1843
Q144,1555,P1843
Q144,1556,P1843
Q144,1557,P1843
Q144,1558,P1843
Q144,1559,P1843
Q144,1560,P1843
Q144,1561,P1843
Q144,1562,P1843
Q144,1563,P1843
Q144,1564,P1843
Q144,1565,P1843
Q144,1566,P1843
Q144,1567,P1843
Q144,1568,P1843
Q144,1569,P1843
Q144,1570,P1843
Q144,1571,P1843
Q144,1572,P1843
Q144,1573,P1843
Q144,1574,P1843
Q144,1575,P1843
Q144,1576,P1843
Q144,1577,P1843
Q144,1578,P1843
Q144,1579,P1843
Q144,1580,P1843
Q144,1581,P1843
Q144,1582,P1843
Q144,1583,P1843
Q144,1584,P1843
Q144,1585,P1843
Q144,1586,P1843
Q144,1587,P1843
Q144,1588,P1843
Q144,1589,P1843
Q144,1590,P1843
Q144,1591,P1843
Q144,1592,P1843
Q144,1593,P1843
Q144,1594,P1843
Q144,1595,P1843
Q144,1596,P1843
Q144,1597,P1843
Q144,1598,P3395
Q144,1599,P3395
Q144,1600,P3395
Q144,1601,P3417
Q144,1602,P3485
Q144,1603,P3479
Q144,1604,P3387
Q144,1605,P3465
Q144,1606,P3827
Q144,1607,P2888
Q144,1608,P2888
Q144,1609,P2888
Q144,1610,P2581
Q144,Q55983715,P31
Q144,Q38681,P4733
Q144,1611,P2924
Q144,1612,P3984
Q144,Q5460604,P5008
Q144,1613,P5063
Q144,Q54502633,P2283
Q144,1614,P244
Q144,1615,P5395
Q144,1616,P5337
Q144,1617,P268
Q144,1618,P5250
Q144,1619,P5397
Q144,1620,P4212
Q144,1621,P5247
Q144,1622,P6382
Q144,1623,P2347
Q144,1624,P1190
Q144,1625,P3106
Q144,1626,P5420
Q144,1627,P6760
Q144,1628,P1014
Q144,1629,P7033
Q144,1630,P7157
Q144,1631,P1296
Q144,1632,P486
Q144,1633,P989
Q144,1634,P3031
Q144,1635,P51
Q144,1636,P902
Q144,1637,P3180
Q144,1638,P7818
Q144,1639,P7829
Q144,1640,P7827
Q144,1641,P7832
Q144,1642,P7822
Q144,1643,P1256
Q144,1644,P2716
Q144,1645,P6900
Q144,1646,P8408
Q144,1647,P1282
Q144,1648,P672
Q144,1649,P10
Q144,1650,P8540
Q144,1651,P950
Q144,1652,P7844
Q144,1653,P8248
Q144,Q104224564,P1672
Q144,Q826031,P1672
Q144,1654,P443
Q144,1655,P3847
Q144,Q104595156,P8989
Q144,1656,P7807
Q144,1657,P7329
Q144,1658,P8972
Q144,1659,P7506
Q144,1660,P5184
Q144,1661,P3553
Q144,Q465924,P2579
Q144,1662,P4527
Q144,1663,P8647
Q144,1664,P8814
Q144,1665,P8672
Q144,Q23766486,P2738
Q144,1666,P9281
Q144,1667,P18
Q144,1668,P1319
Q144,1669,P9545
Q147,1670,P373
Q147,Q146,P279
Q147,Q12038335,P279
Q147,1671,P646
Q147,1672,P18
Q147,1673,P935
Q147,1674,P3827
Q147,1675,P1225
Q147,1676,P10
Q147,Q55242483,P910
Q147,1677,P1245
Q147,1678,P6366
Q147,1679,P8408
Q147,1680,P2581
Q147,1681,P8061
Q147,1682,P8814
Q148,1683,P1549
Q148,1684,P1549
Q148,1685,P1549
Q148,1686,P1549
Q148,1687,P1549
Q148,1688,P1549
Q148,1689,P1549
Q148,1690,P1549
Q148,1691,P1549
Q148,1692,P1549
Q148,1693,P1549
Q148,1694,P1549
Q148,1695,P1549
Q148,1696,P1549
Q148,1697,P1549
Q148,1698,P1549
Q148,1699,P1549
Q148,1700,P1549
Q148,1701,P1549
Q148,1702,P1549
Q148,1703,P1549
Q148,1704,P1549
Q148,1705,P1549
Q148,1706,P1549
Q148,1707,P1549
Q148,1708,P1549
Q148,1709,P1549
Q148,1710,P1549
Q148,1711,P1549
Q148,1712,P1549
Q148,1713,P1549
Q148,1714,P1549
Q148,1715,P1549
Q148,1716,P1549
Q148,1717,P1549
Q148,1718,P1549
Q148,1719,P1549
Q148,1720,P1549
Q148,1721,P1549
Q148,1722,P1549
Q148,1723,P1549
Q148,1724,P1549
Q148,1725,P1549
Q148,1726,P1549
Q148,1727,P244
Q148,1728,P1448
Q148,1729,P1036
Q148,Q249203,P1304
Q148,Q13365337,P1151
Q148,1730,P935
Q148,Q30,P530
Q148,Q159,P530
Q148,Q801,P530
Q148,Q155,P530
Q148,Q38,P530
Q148,Q183,P530
Q148,Q1011,P530
Q148,Q34020,P530
Q148,Q711,P530
Q148,Q408,P530
Q148,Q805,P530
Q148,Q403,P530
Q148,Q334,P530
Q148,Q212,P530
Q148,Q851,P530
Q148,Q858,P530
Q148,Q884,P530
Q148,Q928,P530
Q148,Q184,P530
Q148,Q17,P530
Q148,Q43,P530
Q148,Q843,P530
Q148,Q902,P530
Q148,Q423,P530
Q148,Q232,P530
Q148,Q668,P530
Q148,Q41,P530
Q148,Q712,P530
Q148,Q878,P530
Q148,Q40,P530
Q148,Q983,P530
Q148,Q83311,P530
Q148,Q15,P530
Q148,Q889,P530
Q148,Q227,P530
Q148,Q419,P530
Q148,Q458,P530
Q148,Q79,P530
Q148,Q954,P530
Q148,Q953,P530
Q148,Q881,P530
Q148,Q717,P530
Q148,Q686,P530
Q148,Q77,P530
Q148,Q145,P530
Q148,Q1036,P530
Q148,Q948,P530
Q148,Q754,P530
Q148,Q678,P530
Q148,Q945,P530
Q148,Q869,P530
Q148,Q924,P530
Q148,Q863,P530
Q148,Q39,P530
Q148,Q34,P530
Q148,Q730,P530
Q148,Q1049,P530
Q148,Q854,P530
Q148,Q29,P530
Q148,Q958,P530
Q148,Q258,P530
Q148,Q1045,P530
Q148,Q1044,P530
Q148,Q1042,P530
Q148,Q1041,P530
Q148,Q1039,P530
Q148,Q683,P530
Q148,Q1037,P530
Q148,Q218,P530
Q148,Q971,P530
Q148,Q45,P530
Q148,Q36,P530
Q148,Q691,P530
Q148,Q804,P530
Q148,Q219060,P530
Q148,Q20,P530
Q148,Q1033,P530
Q148,Q664,P530
Q148,Q55,P530
Q148,Q837,P530
Q148,Q1030,P530
Q148,Q836,P530
Q148,Q1029,P530
Q148,Q1028,P530
Q148,Q96,P530
Q148,Q1027,P530
Q148,Q1025,P530
Q148,Q912,P530
Q148,Q826,P530
Q148,Q833,P530
Q148,Q1020,P530
Q148,Q1019,P530
Q148,Q32,P530
Q148,Q37,P530
Q148,Q1016,P530
Q148,Q1014,P530
Q148,Q819,P530
Q148,Q813,P530
Q148,Q710,P530
Q148,Q114,P530
Q148,Q766,P530
Q148,Q1008,P530
Q148,Q27,P530
Q148,Q796,P530
Q148,Q252,P530
Q148,Q189,P530
Q148,Q1007,P530
Q148,Q1006,P530
Q148,Q769,P530
Q148,Q117,P530
Q148,Q1000,P530
Q148,Q33,P530
Q148,Q702,P530
Q148,Q986,P530
Q148,Q736,P530
Q148,Q574,P530
Q148,Q977,P530
Q148,Q35,P530
Q148,Q974,P530
Q148,Q213,P530
Q148,Q229,P530
Q148,Q241,P530
Q148,Q224,P530
Q148,Q970,P530
Q148,Q917,P530
Q148,Q222,P530
Q148,Q262,P530
Q148,Q916,P530
Q148,Q781,P530
Q148,Q414,P530
Q148,Q778,P530
Q148,Q31,P530
Q148,Q16,P530
Q148,Q929,P530
Q148,Q962,P530
Q148,Q424,P530
Q148,Q657,P530
Q148,Q244,P530
Q148,Q750,P530
Q148,Q963,P530
Q148,Q219,P530
Q148,Q967,P530
Q148,Q298,P530
Q148,Q921,P530
Q148,Q399,P530
Q148,Q1246,P530
Q148,Q237,P530
Q148,Q28,P530
Q148,Q3624078,P31
Q148,Q842112,P31
Q148,Q859563,P31
Q148,Q1520223,P31
Q148,Q6256,P31
Q148,Q465613,P31
Q148,Q48,P30
Q148,Q956,P36
Q148,Q727694,P37
Q148,Q39099,P38
Q148,1731,P41
Q148,Q711,P47
Q148,Q232,P47
Q148,Q813,P47
Q148,Q863,P47
Q148,Q843,P47
Q148,Q668,P47
Q148,Q837,P47
Q148,Q917,P47
Q148,Q836,P47
Q148,Q819,P47
Q148,Q881,P47
Q148,Q159,P47
Q148,Q423,P47
Q148,Q889,P47
Q148,Q884,P47
Q148,Q17,P47
Q148,Q156136,P85
Q148,Q38900,P78
Q148,Q11837308,P78
Q148,Q11837483,P78
Q148,Q131147,P163
Q148,Q956,P150
Q148,Q11736,P150
Q148,Q21208,P150
Q148,Q46913,P150
Q148,Q41079,P150
Q148,Q43934,P150
Q148,Q45208,P150
Q148,Q19206,P150
Q148,Q8686,P150
Q148,Q16963,P150
Q148,Q16967,P150
Q148,Q40956,P150
Q148,Q41705,P150
Q148,Q57052,P150
Q148,Q43407,P150
Q148,Q43684,P150
Q148,Q46862,P150
Q148,Q45761,P150
Q148,Q15175,P150
Q148,Q15176,P150
Q148,Q42200,P150
Q148,Q11725,P150
Q148,Q19770,P150
Q148,Q47097,P150
Q148,Q43194,P150
Q148,Q8646,P150
Q148,Q17269,P150
Q148,Q47974,P150
Q148,Q42392,P150
Q148,Q45833,P150
Q148,Q57448,P150
Q148,Q34800,P150
Q148,Q14773,P150
Q148,Q19211,P194
Q148,1732,P242
Q148,1733,P242
Q148,1734,P297
Q148,1735,P298
Q148,1736,P299
Q148,Q691994,P209
Q148,Q2682024,P209
Q148,1737,P94
Q148,Q1143153,P421
Q148,Q6985,P421
Q148,1738,P373
Q148,Q187327,P237
Q148,1739,P571
Q148,Q513,P610
Q148,Q1065,P463
Q148,Q7825,P463
Q148,Q485207,P463
Q148,Q19771,P463
Q148,Q170481,P463
Q148,Q191384,P463
Q148,Q827525,P463
Q148,Q656801,P463
Q148,Q1043527,P463
Q148,Q899770,P463
Q148,Q340195,P463
Q148,Q384535,P463
Q148,Q7886981,P463
Q148,Q188822,P463
Q148,Q3772571,P463
Q148,Q37470,P463
Q148,Q8475,P463
Q148,Q1480793,P463
Q148,Q842490,P463
Q148,Q233611,P463
Q148,Q7809,P463
Q148,Q5611262,P463
Q148,Q17495,P463
Q148,Q376150,P463
Q148,Q162656,P463
Q148,Q170424,P463
Q148,Q7817,P463
Q148,Q243630,P463
Q148,Q189062,P463
Q148,1740,P625
Q148,Q59261,P208
Q148,Q196627,P832
Q148,Q131772,P832
Q148,Q38964,P832
Q148,Q718778,P832
Q148,Q47499,P832
Q148,Q10881633,P832
Q148,Q14942952,P832
Q148,Q14931580,P832
Q148,Q1145566,P832
Q148,1741,P402
Q148,1742,P948
Q148,1743,P474
Q148,Q15031,P35
Q148,Q18111,P6
Q148,1744,P1082
Q148,1745,P1082
Q148,1746,P901
Q148,Q7435401,P910
Q148,Q1411230,P910
Q148,1747,P1566
Q148,1748,P1705
Q148,1749,P1705
Q148,Q7521902,P1740
Q148,Q678259,P1343
Q148,Q4173137,P1343
Q148,Q19180675,P1343
Q148,Q602358,P1343
Q148,Q2657718,P1343
Q148,Q4114391,P1343
Q148,Q29520,P706
Q148,1750,P998
Q148,Q29520,P361
Q148,Q27231,P361
Q148,1751,P982
Q148,1752,P984
Q148,1753,P227
Q148,1754,P646
Q148,Q4122271,P1313
Q148,Q13426199,P1365
Q148,Q4120908,P1365
Q148,Q15904324,P1365
Q148,Q15905301,P1365
Q148,Q15909533,P1365
Q148,1755,P856
Q148,1756,P856
Q148,1757,P898
Q148,1758,P898
Q148,1759,P2258
Q148,Q792880,P1589
Q148,1760,P2612
Q148,Q14565199,P1622
Q148,Q839778,P2633
Q148,1761,P1198
Q148,1762,P268
Q148,Q24288454,P2853
Q148,Q1378312,P2853
Q148,Q2335539,P2853
Q148,1763,P2884
Q148,Q2807090,P2852
Q148,Q25648823,P2852
Q148,Q25648851,P2852
Q148,Q862552,P2184
Q148,1764,P1813
Q148,1765,P1813
Q148,1766,P1813
Q148,1767,P1813
Q148,1768,P1813
Q148,1769,P1813
Q148,1770,P1813
Q148,1771,P1813
Q148,1772,P1813
Q148,1773,P1813
Q148,1774,P1813
Q148,1775,P1813
Q148,1776,P1813
Q148,1777,P1813
Q148,1778,P1813
Q148,1779,P1813
Q148,1780,P1813
Q148,1781,P1813
Q148,1782,P1813
Q148,1783,P1332
Q148,1784,P3221
Q148,1785,P3106
Q148,1786,P3270
Q148,1787,P214
Q148,1788,P2997
Q148,1789,P3238
Q148,1790,P2046
Q148,1791,P1081
Q148,Q22828645,P2959
Q148,Q42311019,P2959
Q148,Q42311022,P2959
Q148,1792,P2924
Q148,1793,P3417
Q148,1794,P3422
Q148,1795,P1333
Q148,1796,P1334
Q148,1797,P1335
Q148,1798,P949
Q148,1799,P3612
Q148,Q6482558,P1465
Q148,Q7463297,P1464
Q148,Q865,P1336
Q148,1800,P2347
Q148,1801,P3509
Q148,1802,P1667
Q148,Q7062091,P1792
Q148,Q9069788,P1792
Q148,1803,P3911
Q148,Q17682786,P1424
Q148,Q8005471,P1424
Q148,1804,P4210
Q148,Q42740,P172
Q148,Q36692,P172
Q148,Q1187403,P172
Q148,Q183573,P172
Q148,Q187985,P172
Q148,Q46118,P172
Q148,Q209959,P172
Q148,Q461282,P172
Q148,Q673161,P172
Q148,Q715978,P172
Q148,Q145665,P172
Q148,Q370868,P172
Q148,Q275453,P172
Q148,Q588574,P172
Q148,Q476550,P172
Q148,Q4208066,P172
Q148,Q309381,P172
Q148,Q857626,P172
Q148,Q216096,P172
Q148,1805,P1225
Q148,1806,P2982
Q148,1807,P2981
Q148,Q50686,P122
Q148,Q193852,P122
Q148,Q4198907,P122
Q148,Q179164,P122
Q148,Q1520223,P122
Q148,1808,P4427
Q148,1809,P3984
Q148,1810,P2581
Q148,Q655407,P1906
Q148,Q47185282,P1552
Q148,1811,P4841
Q148,1812,P2979
Q148,1813,P2979
Q148,1814,P2979
Q148,1815,P4973
Q148,1816,P5019
Q148,1817,P4211
Q148,Q5460604,P5008
Q148,Q54439832,P5008
Q148,Q7112227,P5125
Q148,1818,P5180
Q148,1819,P3896
Q148,1820,P4342
Q148,1821,P213
Q148,1822,P5198
Q148,1823,P5400
Q148,1824,P1482
Q148,1825,P1417
Q148,Q29520,P1889
Q148,1826,P5167
Q148,1827,P3743
Q148,1828,P5573
Q148,Q13196750,P5658
Q148,1829,P3222
Q148,1830,P2250
Q148,1831,P691
Q148,1832,P3175
Q148,1833,P3024
Q148,1834,P3068
Q148,1835,P487
Q148,Q17427,P112
Q148,Q83973,P740
Q148,1836,P5905
Q148,1837,P3553
Q148,1838,P5250
Q148,1839,P6573
Q148,1840,P4801
Q148,1841,P4839
Q148,Q9186,P2936
Q148,Q12952528,P2936
Q148,Q12952530,P2936
Q148,Q12953553,P2936
Q148,Q12952250,P2936
Q148,Q12628803,P2936
Q148,Q3138832,P2936
Q148,Q674990,P2936
Q148,Q1367309,P2936
Q148,Q784502,P2936
Q148,Q769809,P2936
Q148,Q832026,P2936
Q148,Q1115317,P2936
Q148,Q2252191,P2936
Q148,Q953082,P2936
Q148,Q246122,P2936
Q148,Q727694,P2936
Q148,Q926742,P2936
Q148,Q934738,P2936
Q148,Q720192,P2936
Q148,Q3414352,P2936
Q148,Q1055287,P2936
Q148,Q1012917,P2936
Q148,Q2475478,P2936
Q148,Q3436700,P2936
Q148,Q1108934,P2936
Q148,Q2422759,P2936
Q148,Q1094190,P2936
Q148,Q4902547,P2936
Q148,Q4923414,P2936
Q148,Q2498808,P2936
Q148,Q6931494,P2936
Q148,Q6862618,P2936
Q148,Q6827993,P2936
Q148,Q4830439,P2936
Q148,Q3442330,P2936
Q148,Q4832486,P2936
Q148,Q6895060,P2936
Q148,Q4832535,P2936
Q148,Q3441122,P2936
Q148,Q5061915,P2936
Q148,Q6944445,P2936
Q148,Q2605689,P2936
Q148,Q2625410,P2936
Q148,Q4925096,P2936
Q148,Q4997235,P2936
Q148,Q7033959,P2936
Q148,Q3503800,P2936
Q148,Q2827749,P2936
Q148,Q6961032,P2936
Q148,Q8073523,P2936
Q148,Q5209052,P2936
Q148,Q7049385,P2936
Q148,Q2879238,P2936
Q148,Q7093790,P2936
Q148,Q2904868,P2936
Q148,Q2945610,P2936
Q148,Q7188378,P2936
Q148,Q2964447,P2936
Q148,Q5380858,P2936
Q148,Q3616358,P2936
Q148,Q7187103,P2936
Q148,Q7187058,P2936
Q148,Q2936935,P2936
Q148,Q10949828,P2936
Q148,Q9040772,P2936
Q148,Q7408902,P2936
Q148,Q7409269,P2936
Q148,Q5548692,P2936
Q148,Q3033554,P2936
Q148,Q11251864,P2936
Q148,Q11163308,P2936
Q148,Q11159532,P2936
Q148,Q5873537,P2936
Q148,Q3042189,P2936
Q148,Q3120647,P2936
Q148,Q3118757,P2936
Q148,Q3112388,P2936
Q148,Q7418287,P2936
Q148,Q3092284,P2936
Q148,Q3092293,P2936
Q148,Q3141783,P2936
Q148,Q3182570,P2936
Q148,Q3915716,P2936
Q148,Q7560736,P2936
Q148,Q7542773,P2936
Q148,Q3178570,P2936
Q148,Q7675751,P2936
Q148,Q3194984,P2936
Q148,Q7786695,P2936
Q148,Q7796015,P2936
Q148,Q3027879,P2936
Q148,Q6401849,P2936
Q148,Q4737539,P2936
Q148,Q3280623,P2936
Q148,Q6377155,P2936
Q148,Q4700657,P2936
Q148,Q12952417,P2936
Q148,Q6428686,P2936
Q148,Q6440952,P2936
Q148,Q6441084,P2936
Q148,Q6441074,P2936
Q148,Q3307894,P2936
Q148,Q3320659,P2936
Q148,Q3361723,P2936
Q148,Q6493203,P2936
Q148,Q6485577,P2936
Q148,Q6505073,P2936
Q148,Q6482736,P2936
Q148,Q6480756,P2936
Q148,Q8048537,P2936
Q148,Q8055032,P2936
Q148,Q8054983,P2936
Q148,Q35100,P2936
Q148,Q14468943,P2936
Q148,Q3359940,P2936
Q148,Q8057765,P2936
Q148,Q56440,P2936
Q148,Q56435,P2936
Q148,Q56441,P2936
Q148,Q56452,P2936
Q148,Q56412,P2936
Q148,Q56413,P2936
Q148,Q56480,P2936
Q148,Q56479,P2936
Q148,Q56406,P2936
Q148,Q56400,P2936
Q148,Q12953327,P2936
Q148,Q56407,P2936
Q148,Q13634282,P2936
Q148,Q6583606,P2936
Q148,Q13848149,P2936
Q148,Q56411,P2936
Q148,Q12953329,P2936
Q148,Q56509,P2936
Q148,Q56551,P2936
Q148,Q56546,P2936
Q148,Q56583,P2936
Q148,Q56559,P2936
Q148,Q56563,P2936
Q148,Q56582,P2936
Q148,Q16999095,P2936
Q148,Q56643,P2936
Q148,Q56601,P2936
Q148,Q35386,P2936
Q148,Q35379,P2936
Q148,Q56594,P2936
Q148,Q19597674,P2936
Q148,Q56854,P2936
Q148,Q56842,P2936
Q148,Q56848,P2936
Q148,Q56844,P2936
Q148,Q57000,P2936
Q148,Q56996,P2936
Q148,Q7850,P2936
Q148,Q35780,P2936
Q148,Q56921,P2936
Q148,Q56516,P2936
Q148,Q36455,P2936
Q148,Q36457,P2936
Q148,Q9192,P2936
Q148,Q9199,P2936
Q148,Q36495,P2936
Q148,Q9255,P2936
Q148,Q36612,P2936
Q148,Q36556,P2936
Q148,Q9252,P2936
Q148,Q36948,P2936
Q148,Q56334,P2936
Q148,Q56337,P2936
Q148,Q56332,P2936
Q148,Q56325,P2936
Q148,Q56299,P2936
Q148,Q13263,P2936
Q148,Q13216,P2936
Q148,Q13223,P2936
Q148,Q36840,P2936
Q148,Q13220,P2936
Q148,Q27927,P2936
Q148,Q32430,P2936
Q148,Q32947,P2936
Q148,Q32983,P2936
Q148,Q33375,P2936
Q148,Q33335,P2936
Q148,Q30004,P2936
Q148,Q29902,P2936
Q148,Q33332,P2936
Q148,Q33627,P2936
Q148,Q33475,P2936
Q148,Q33638,P2936
Q148,Q33873,P2936
Q148,Q34224,P2936
Q148,Q34133,P2936
Q148,Q34235,P2936
Q148,Q33963,P2936
Q148,Q34214,P2936
Q148,Q34271,P2936
Q148,Q34290,P2936
Q148,Q2874642,P2936
Q148,Q2929025,P2936
Q148,Q3403245,P2936
Q148,Q3138831,P2936
Q148,Q3138829,P2936
Q148,Q3403246,P2936
Q148,Q3363719,P2936
Q148,Q3307901,P2936
Q148,Q3100264,P2936
Q148,Q3572191,P2936
Q148,Q8843040,P2936
Q148,Q8842159,P2936
Q148,Q11092831,P2936
Q148,Q12626798,P2936
Q148,Q12633994,P2936
Q148,Q12642165,P2936
Q148,Q12633989,P2936
Q148,Q12952691,P2936
Q148,Q12952740,P2936
Q148,Q12953334,P2936
Q148,Q12953336,P2936
Q148,Q12953326,P2936
Q148,Q12953333,P2936
Q148,Q12953229,P2936
Q148,Q12953328,P2936
Q148,Q12953325,P2936
Q148,Q12953561,P2936
Q148,Q12953562,P2936
Q148,Q12953564,P2936
Q148,Q12953560,P2936
Q148,Q12953797,P2936
Q148,Q12953558,P2936
Q148,Q12953559,P2936
Q148,Q12953565,P2936
Q148,Q12953563,P2936
Q148,Q12953554,P2936
Q148,Q14240916,P2936
Q148,Q16109994,P2936
Q148,Q16115619,P2936
Q148,Q17284874,P2936
Q148,Q17195499,P2936
Q148,Q17651534,P2936
Q148,Q17651540,P2936
Q148,Q17651536,P2936
Q148,Q17651542,P2936
Q148,Q20527363,P2936
Q148,Q20527417,P2936
Q148,Q21658869,P2936
Q148,Q25559454,P2936
Q148,Q25559442,P2936
Q148,Q25559457,P2936
Q148,Q25559603,P2936
Q148,Q25559440,P2936
Q148,Q25559456,P2936
Q148,Q25559419,P2936
Q148,Q30334841,P2936
Q148,Q31204090,P2936
Q148,Q27478542,P2936
Q148,Q27431376,P2936
Q148,Q27434946,P2936
Q148,Q27144776,P2936
Q148,Q27431369,P2936
Q148,Q33522157,P2936
Q148,Q36211907,P2936
Q148,Q33590104,P2936
Q148,Q42310421,P2936
Q148,Q48565467,P2936
Q148,Q48565339,P2936
Q148,Q56826369,P2936
Q148,Q56751275,P2936
Q148,Q57259564,P2936
Q148,Q63284284,P2936
Q148,Q63308004,P2936
Q148,Q63340714,P2936
Q148,Q63341349,P2936
Q148,Q63341239,P2936
Q148,Q63213949,P2936
Q148,Q63341181,P2936
Q148,Q63341346,P2936
Q148,Q63341260,P2936
Q148,Q63341278,P2936
Q148,Q36586,P2936
Q148,1842,P3864
Q148,1843,P3864
Q148,1844,P3864
Q148,1845,P3864
Q148,1846,P3864
Q148,Q148,P17
Q148,1847,P7012
Q148,1848,P2927
Q148,1849,P1296
Q148,1850,P6766
Q148,1851,P5002
Q148,1852,P7157
Q148,1853,P6849
Q148,Q795464,P1344
Q148,Q2720495,P1344
Q148,Q83493046,P1344
Q148,1854,P7301
Q148,1855,P989
Q148,1856,P989
Q148,1857,P1245
Q148,1858,P7422
Q148,1859,P3067
Q148,Q645917,P2596
Q148,1860,P7820
Q148,1861,P6760
Q148,1862,P6058
Q148,1863,P7870
Q148,Q8607339,P7867
Q148,1864,P6404
Q148,1865,P2855
Q148,1866,P7818
Q148,1867,P7829
Q148,1868,P7827
Q148,1869,P7832
Q148,1870,P7822
Q148,1871,P6366
Q148,1872,P443
Q148,1873,P443
Q148,1874,P7859
Q148,1875,P7859
Q148,1876,P5437
Q148,1877,P6900
Q148,1878,P6150
Q148,1879,P18
Q148,1880,P1451
Q148,1881,P8408
Q148,1882,P8406
Q148,1883,P8477
Q148,1884,P8477
Q148,1885,P8477
Q148,1886,P8477
Q148,1887,P8477
Q148,1888,P8477
Q148,1889,P8477
Q148,1890,P8477
Q148,1891,P8476
Q148,1892,P8476
Q148,1893,P8476
Q148,1894,P8476
Q148,1895,P8476
Q148,1896,P8476
Q148,1897,P8476
Q148,1898,P8476
Q148,1899,P5843
Q148,1900,P8519
Q148,1901,P8483
Q148,1902,P5063
Q148,1903,P6200
Q148,1904,P902
Q148,1905,P1438
Q148,1906,P7502
Q148,1907,P5456
Q148,Q209380,P8744
Q148,1908,P8974
Q148,1909,P4527
Q148,1910,P9037
Q148,1911,P5587
Q148,1912,P9100
Q148,1913,P8814
Q148,Q1981379,P9241
Q148,1914,P9223
Q148,1915,P9293
Q148,1916,P7471
Q148,1917,P5739
Q148,Q200800,P92
Q148,1918,P9368
Q148,1919,P6293
Q148,1920,P9318
Q148,1921,P8309
Q148,1922,P7850
Q148,1923,P7960
Q148,1924,P4613
Q148,1925,P8217
Q155,1926,P2924
Q155,1927,P268
Q155,1928,P1082
Q155,1929,P1667
Q155,Q6062964,P1151
Q155,1930,P1333
Q155,Q1077885,P1546
Q155,Q7112209,P5125
Q155,1931,P349
Q155,Q173117,P38
Q155,1932,P3221
Q155,Q2995285,P172
Q155,Q2587830,P172
Q155,Q388315,P172
Q155,Q3624751,P172
Q155,Q1363781,P172
Q155,1933,P1566
Q155,1934,P227
Q155,1935,P487
Q155,Q9069439,P1792
Q155,Q25648833,P2852
Q155,Q25648834,P2852
Q155,Q25648835,P2852
Q155,1936,P3916
Q155,Q1378312,P2853
Q155,Q1653438,P2853
Q155,1937,P395
Q155,1938,P1335
Q155,Q1771875,P2633
Q155,1939,P298
Q155,Q5176750,P1313
Q155,1940,P5337
Q155,1941,P3417
Q155,Q2469225,P417
Q155,Q155,P17
Q155,1942,P486
Q155,Q21286972,P2959
Q155,1943,P3743
Q155,Q512187,P122
Q155,Q188759,P122
Q155,Q49892,P122
Q155,1944,P982
Q155,Q10265921,P832
Q155,Q10382660,P832
Q155,Q47499,P832
Q155,Q2086665,P832
Q155,Q1033140,P832
Q155,Q19809,P832
Q155,1945,P832
Q155,1946,P832
Q155,Q3174312,P1552
Q155,1947,P94
Q155,1948,P2573
Q155,1949,P3422
Q155,Q414,P530
Q155,Q258,P530
Q155,Q183,P530
Q155,Q916,P530
Q155,Q399,P530
Q155,Q408,P530
Q155,Q244,P530
Q155,Q962,P530
Q155,Q750,P530
Q155,Q1011,P530
Q155,Q16,P530
Q155,Q298,P530
Q155,Q800,P530
Q155,Q739,P530
Q155,Q423,P530
Q155,Q241,P530
Q155,Q35,P530
Q155,Q79,P530
Q155,Q30,P530
Q155,Q736,P530
Q155,Q29,P530
Q155,Q142,P530
Q155,Q983,P530
Q155,Q734,P530
Q155,Q41,P530
Q155,Q790,P530
Q155,Q783,P530
Q155,Q801,P530
Q155,Q668,P530
Q155,Q252,P530
Q155,Q794,P530
Q155,Q796,P530
Q155,Q17,P530
Q155,Q766,P530
Q155,Q96,P530
Q155,Q822,P530
Q155,Q1029,P530
Q155,Q1033,P530
Q155,Q219060,P530
Q155,Q733,P530
Q155,Q843,P530
Q155,Q419,P530
Q155,Q36,P530
Q155,Q45,P530
Q155,Q145,P530
Q155,Q213,P530
Q155,Q159,P530
Q155,Q1049,P530
Q155,Q1016,P530
Q155,Q403,P530
Q155,Q958,P530
Q155,Q574,P530
Q155,Q43,P530
Q155,Q212,P530
Q155,Q458,P530
Q155,Q7159,P530
Q155,Q77,P530
Q155,Q717,P530
Q155,Q917,P530
Q155,Q148,P530
Q155,Q38,P530
Q155,Q184,P530
Q155,Q730,P530
Q155,Q242,P530
Q155,Q833,P530
Q155,Q865,P530
Q155,Q928,P530
Q155,Q974,P530
Q155,Q34,P530
Q155,Q884,P530
Q155,Q902,P530
Q155,Q230,P530
Q155,Q29999,P530
Q155,Q953,P530
Q155,Q28,P530
Q155,1950,P571
Q155,1951,P4212
Q155,Q5176750,P1906
Q155,1952,P935
Q155,Q949699,P194
Q155,Q217230,P155
Q155,Q2088324,P155
Q155,Q211967,P2184
Q155,1953,P1296
Q155,1954,P1190
Q155,1955,P3911
Q155,Q5146,P37
Q155,Q217230,P1365
Q155,1956,P3984
Q155,Q18,P30
Q155,Q2844,P36
Q155,1957,P856
Q155,Q188320,P237
Q155,1958,P3271
Q155,1959,P3896
Q155,1960,P949
Q155,1961,P6058
Q155,1962,P402
Q155,Q5460604,P5008
Q155,Q54439832,P5008
Q155,Q15304953,P5008
Q155,1963,P3068
Q155,1964,P2004
Q155,1965,P1332
Q155,1966,P1334
Q155,1967,P691
Q155,1968,P906
Q155,1969,P2258
Q155,1970,P4841
Q155,1971,P2979
Q155,1972,P1225
Q155,1973,P297
Q155,1974,P3270
Q155,Q414,P47
Q155,Q750,P47
Q155,Q3769,P47
Q155,Q734,P47
Q155,Q733,P47
Q155,Q419,P47
Q155,Q730,P47
Q155,Q77,P47
Q155,Q717,P47
Q155,Q739,P47
Q155,Q142,P47
Q155,1975,P41
Q155,1976,P3000
Q155,Q11279,P910
Q155,Q10304982,P35
Q155,Q806186,P1304
Q155,Q8328528,P1791
Q155,1977,P242
Q155,1978,P242
Q155,1979,P1617
Q155,1980,P2997
Q155,1981,P1036
Q155,1982,P1081
Q155,1983,P2046
Q155,1984,P3612
Q155,1985,P984
Q155,Q1065,P463
Q155,Q4230,P463
Q155,Q4264,P463
Q155,Q7825,P463
Q155,Q19771,P463
Q155,Q182500,P463
Q155,Q838116,P463
Q155,Q1570993,P463
Q155,Q1484463,P463
Q155,Q1045401,P463
Q155,Q602399,P463
Q155,Q607301,P463
Q155,Q10283557,P463
Q155,Q467938,P463
Q155,Q535086,P463
Q155,Q943105,P463
Q155,Q2836400,P463
Q155,Q47539,P463
Q155,Q605595,P463
Q155,Q499151,P463
Q155,Q1025959,P463
Q155,Q7817,P463
Q155,Q17495,P463
Q155,Q47488,P463
Q155,Q8475,P463
Q155,Q123759,P463
Q155,Q151991,P463
Q155,Q191384,P463
Q155,Q827525,P463
Q155,Q656801,P463
Q155,Q1043527,P463
Q155,Q340195,P463
Q155,Q3369762,P463
Q155,Q471690,P463
Q155,Q1072120,P463
Q155,Q1480793,P463
Q155,Q842490,P463
Q155,Q7809,P463
Q155,Q5611262,P463
Q155,Q376150,P463
Q155,Q170424,P463
Q155,Q243630,P463
Q155,1986,P2163
Q155,1987,P1198
Q155,1988,P4427
Q155,1989,P214
Q155,1990,P1417
Q155,1991,P948
Q155,Q7140311,P1740
Q155,1992,P2884
Q155,1993,P2884
Q155,Q5440531,P208
Q155,Q6536,P421
Q155,Q7482631,P1465
Q155,1994,P4839
Q155,1995,P4839
Q155,1996,P2347
Q155,Q134654,P85
Q155,Q519138,P209
Q155,1997,P2250
Q155,Q12585,P361
Q155,Q377916,P361
Q155,Q236118,P361
Q155,Q18,P361
Q155,1998,P373
Q155,Q39889,P78
Q155,Q3624078,P31
Q155,Q859563,P31
Q155,Q4209223,P31
Q155,Q6256,P31
Q155,Q512187,P31
Q155,Q739484,P610
Q155,Q9517416,P1464
Q155,1999,P1813
Q155,2000,P1813
Q155,Q14565199,P1622
Q155,2001,P2581
Q155,Q10304982,P6
Q155,Q97,P1589
Q155,2002,P3222
Q155,2003,P898
Q155,2004,P898
Q155,2005,P898
Q155,2006,P5573
Q155,2007,P5180
Q155,2008,P299
Q155,2009,P443
Q155,2010,P443
Q155,2011,P443
Q155,2012,P443
Q155,2013,P443
Q155,2014,P269
Q155,2015,P5247
Q155,Q40780,P150
Q155,Q40130,P150
Q155,Q40040,P150
Q155,Q39517,P150
Q155,Q43235,P150
Q155,Q42508,P150
Q155,Q43695,P150
Q155,Q40885,P150
Q155,Q40430,P150
Q155,Q40123,P150
Q155,Q42362,P150
Q155,Q38088,P150
Q155,Q40942,P150
Q155,Q42722,P150
Q155,Q43255,P150
Q155,Q43783,P150
Q155,Q41587,P150
Q155,Q42824,P150
Q155,Q43319,P150
Q155,Q43233,P150
Q155,Q39109,P150
Q155,Q41428,P150
Q155,Q175,P150
Q155,Q15499,P150
Q155,Q40030,P150
Q155,Q41115,P150
Q155,Q119158,P150
Q155,2016,P3024
Q155,2017,P474
Q155,2018,P646
Q155,2019,P3175
Q155,2020,P5198
Q155,Q216469,P138
Q155,2021,P244
Q155,2022,P998
Q155,Q82194,P163
Q155,2023,P625
Q155,2024,P901
Q155,2025,P3509
Q155,Q4114391,P1343
Q155,Q602358,P1343
Q155,Q4173137,P1343
Q155,Q19180675,P1343
Q155,Q19211082,P1343
Q155,Q3181656,P1343
Q155,Q97142711,P1343
Q155,2026,P213
Q155,2027,P1842
Q155,Q2386422,P92
Q155,2028,P5019
Q155,Q11134020,P6104
Q155,2029,P1325
Q155,2030,P2612
Q155,2031,P5250
Q155,2032,P6573
Q155,Q9538,P1344
Q155,Q795464,P1344
Q155,Q838116,P1344
Q155,Q5570670,P1344
Q155,Q2720495,P1344
Q155,2033,P4801
Q155,2034,P1705
Q155,2035,P3241
Q155,2036,P1448
Q155,2037,P1448
Q155,Q304049,P2936
Q155,Q3199686,P2936
Q155,Q3443734,P2936
Q155,Q33825,P2936
Q155,Q2936334,P2936
Q155,Q3365443,P2936
Q155,Q3199710,P2936
Q155,Q12953970,P2936
Q155,Q3199549,P2936
Q155,Q10266012,P2936
Q155,Q1815205,P2936
Q155,Q1844993,P2936
Q155,Q774441,P2936
Q155,Q3401023,P2936
Q155,Q2032882,P2936
Q155,Q962392,P2936
Q155,Q2028772,P2936
Q155,Q389827,P2936
Q155,Q2068190,P2936
Q155,Q251728,P2936
Q155,Q2060023,P2936
Q155,Q746723,P2936
Q155,Q732726,P2936
Q155,Q924405,P2936
Q155,Q3409307,P2936
Q155,Q3409301,P2936
Q155,Q3436689,P2936
Q155,Q3446640,P2936
Q155,Q2475442,P2936
Q155,Q3446660,P2936
Q155,Q3436586,P2936
Q155,Q1091095,P2936
Q155,Q6794475,P2936
Q155,Q6787588,P2936
Q155,Q3450636,P2936
Q155,Q3450709,P2936
Q155,Q3450534,P2936
Q155,Q3460478,P2936
Q155,Q3450522,P2936
Q155,Q3446691,P2936
Q155,Q3446679,P2936
Q155,Q3438373,P2936
Q155,Q2520538,P2936
Q155,Q2523999,P2936
Q155,Q3450423,P2936
Q155,Q2591230,P2936
Q155,Q4830038,P2936
Q155,Q3441418,P2936
Q155,Q6898840,P2936
Q155,Q3450493,P2936
Q155,Q4829584,P2936
Q155,Q6765915,P2936
Q155,Q3440512,P2936
Q155,Q6753812,P2936
Q155,Q6873567,P2936
Q155,Q2829146,P2936
Q155,Q2858311,P2936
Q155,Q2859081,P2936
Q155,Q2669150,P2936
Q155,Q2585357,P2936
Q155,Q3485264,P2936
Q155,Q3501858,P2936
Q155,Q2665734,P2936
Q155,Q8073148,P2936
Q155,Q3501838,P2936
Q155,Q2736980,P2936
Q155,Q2873230,P2936
Q155,Q3505859,P2936
Q155,Q3507907,P2936
Q155,Q3507941,P2936
Q155,Q3507873,P2936
Q155,Q2875044,P2936
Q155,Q3507932,P2936
Q155,Q3504312,P2936
Q155,Q5121095,P2936
Q155,Q7110049,P2936
Q155,Q5246937,P2936
Q155,Q2883738,P2936
Q155,Q3507995,P2936
Q155,Q3508053,P2936
Q155,Q3508007,P2936
Q155,Q2981620,P2936
Q155,Q2980404,P2936
Q155,Q3573266,P2936
Q155,Q3026110,P2936
Q155,Q3006705,P2936
Q155,Q3542217,P2936
Q155,Q3541834,P2936
Q155,Q3542307,P2936
Q155,Q7261687,P2936
Q155,Q7261619,P2936
Q155,Q3566001,P2936
Q155,Q9096758,P2936
Q155,Q10322066,P2936
Q155,Q7144304,P2936
Q155,Q7131310,P2936
Q155,Q9344891,P2936
Q155,Q9006744,P2936
Q155,Q10729616,P2936
Q155,Q10322149,P2936
Q155,Q5528335,P2936
Q155,Q3073436,P2936
Q155,Q3073441,P2936
Q155,Q7406296,P2936
Q155,Q3073448,P2936
Q155,Q5765127,P2936
Q155,Q3053275,P2936
Q155,Q3042278,P2936
Q155,Q3101212,P2936
Q155,Q5908753,P2936
Q155,Q3114402,P2936
Q155,Q3112184,P2936
Q155,Q3111883,P2936
Q155,Q3082027,P2936
Q155,Q3143384,P2936
Q155,Q3915506,P2936
Q155,Q3915522,P2936
Q155,Q3915584,P2936
Q155,Q7665661,P2936
Q155,Q3192316,P2936
Q155,Q7646993,P2936
Q155,Q3192336,P2936
Q155,Q3194265,P2936
Q155,Q4023175,P2936
Q155,Q3195366,P2936
Q155,Q6371069,P2936
Q155,Q3027930,P2936
Q155,Q3199022,P2936
Q155,Q3200633,P2936
Q155,Q6348017,P2936
Q155,Q7684673,P2936
Q155,Q3200839,P2936
Q155,Q3027940,P2936
Q155,Q3027909,P2936
Q155,Q3029682,P2936
Q155,Q12294279,P2936
Q155,Q7808195,P2936
Q155,Q6380124,P2936
Q155,Q6380372,P2936
Q155,Q7827518,P2936
Q155,Q3275059,P2936
Q155,Q7847648,P2936
Q155,Q3281037,P2936
Q155,Q3284890,P2936
Q155,Q4701960,P2936
Q155,Q6371071,P2936
Q155,Q4356223,P2936
Q155,Q6366667,P2936
Q155,Q6432560,P2936
Q155,Q3296011,P2936
Q155,Q6443027,P2936
Q155,Q6436747,P2936
Q155,Q7857204,P2936
Q155,Q7857217,P2936
Q155,Q4784535,P2936
Q155,Q12953620,P2936
Q155,Q7881740,P2936
Q155,Q7901376,P2936
Q155,Q3304806,P2936
Q155,Q3322101,P2936
Q155,Q3314742,P2936
Q155,Q3307184,P2936
Q155,Q3299145,P2936
Q155,Q7901530,P2936
Q155,Q3361895,P2936
Q155,Q8048928,P2936
Q155,Q8044571,P2936
Q155,Q7961205,P2936
Q155,Q3346231,P2936
Q155,Q3357881,P2936
Q155,Q7972892,P2936
Q155,Q7975842,P2936
Q155,Q13893353,P2936
Q155,Q7960056,P2936
Q155,Q3335011,P2936
Q155,Q3331506,P2936
Q155,Q5146,P2936
Q155,Q56562,P2936
Q155,Q56522,P2936
Q155,Q56722,P2936
Q155,Q56632,P2936
Q155,Q56633,P2936
Q155,Q18168288,P2936
Q155,Q56609,P2936
Q155,Q35539,P2936
Q155,Q56885,P2936
Q155,Q56865,P2936
Q155,Q56846,P2936
Q155,Q56807,P2936
Q155,Q24190396,P2936
Q155,Q36962,P2936
Q155,Q13226,P2936
Q155,Q25433,P2936
Q155,Q32986,P2936
Q155,Q33924,P2936
Q155,Q34333,P2936
Q155,Q2882543,P2936
Q155,Q3389119,P2936
Q155,Q3573115,P2936
Q155,Q10322157,P2936
Q155,Q9627356,P2936
Q155,Q10266010,P2936
Q155,Q10322118,P2936
Q155,Q12626847,P2936
Q155,Q12953681,P2936
Q155,Q12953587,P2936
Q155,Q12953749,P2936
Q155,Q12953804,P2936
Q155,Q12953626,P2936
Q155,Q12953806,P2936
Q155,Q12953908,P2936
Q155,Q20527166,P2936
Q155,Q25559779,P2936
Q155,Q25559704,P2936
Q155,Q32041490,P2936
Q155,Q42330115,P2936
Q155,Q53386731,P2936
Q155,Q57420736,P2936
Q155,Q61974839,P2936
Q155,Q63339949,P2936
Q155,Q63259736,P2936
Q155,Q28059,P2936
Q155,Q63340139,P2936
Q155,2038,P6897
Q155,2039,P6897
Q155,2040,P6897
Q155,2041,P6897
Q155,2042,P5905
Q155,2043,P3864
Q155,2044,P3864
Q155,2045,P3864
Q155,2046,P3864
Q155,2047,P3864
Q155,2048,P672
Q155,2049,P7012
Q155,2050,P6766
Q155,2051,P5002
Q155,2052,P6404
Q155,2053,P6849
Q155,2054,P7301
Q155,2055,P7422
Q155,2056,P1245
Q155,2057,P902
Q155,2058,P3067
Q155,Q2717920,P2596
Q155,2059,P5400
Q155,2060,P6150
Q155,2061,P5698
Q155,2062,P4527
Q155,2063,P7870
Q155,Q84091737,P7867
Q155,2064,P7818
Q155,2065,P7829
Q155,2066,P7827
Q155,2067,P7822
Q155,2068,P2002
Q155,2069,P7859
Q155,2070,P7859
Q155,2071,P5437
Q155,2072,P7982
Q155,2073,P6706
Q155,2074,P18
Q155,2075,P7322
Q155,2076,P1451
Q155,2077,P6413
Q155,2078,P8349
Q155,Q15614605,P8402
Q155,2079,P8408
Q155,2080,P973
Q155,2081,P8406
Q155,2082,P8477
Q155,2083,P8477
Q155,2084,P8477
Q155,2085,P8477
Q155,2086,P8477
Q155,2087,P8477
Q155,2088,P8477
Q155,2089,P8477
Q155,2090,P8476
Q155,2091,P8476
Q155,2092,P8476
Q155,2093,P8476
Q155,2094,P8476
Q155,2095,P8476
Q155,2096,P8476
Q155,2097,P8476
Q155,Q119490,P706
Q155,2098,P5843
Q155,2099,P8519
Q155,2100,P8483
Q155,2101,P5063
Q155,2102,P1438
Q155,2103,P7157
Q155,Q845120,P8744
Q155,2104,P5587
Q155,2105,P8826
Q155,2106,P8061
Q155,2107,P8974
Q155,2108,P8992
Q155,2109,P8687
Q155,2110,P5456
Q155,2111,P9100
Q155,Q174432,P61
Q155,2112,P575
Q155,2113,P8885
Q155,2114,P8814
Q155,Q1774121,P9241
Q155,2115,P9223
Q155,2116,P7471
Q155,2117,P1280
Q155,2118,P9318
Q155,2119,P6293
Q155,2120,P8309
Q155,2121,P7850
Q155,2122,P7960
Q155,2123,P9368
Q155,2124,P9629
Q155,2125,P1549
Q155,2126,P1549
Q155,2127,P1549
Q155,2128,P1549
Q155,2129,P1549
Q155,2130,P1549
Q155,2131,P1549
Q155,2132,P1549
Q155,2133,P1549
Q155,2134,P1549
Q155,2135,P1549
Q155,2136,P1549
Q155,2137,P1549
Q155,2138,P1549
Q155,2139,P1549
Q155,2140,P1549
Q155,2141,P1549
Q155,2142,P1549
Q155,2143,P1549
Q155,2144,P1549
Q155,2145,P1549
Q155,2146,P1549
Q155,2147,P1549
Q155,2148,P1549
Q155,2149,P1549
Q155,2150,P1549
Q155,2151,P1549
Q155,2152,P1549
Q155,2153,P1549
Q155,2154,P1549
Q155,2155,P1549
Q155,2156,P1549
Q155,2157,P1549
Q155,2158,P1549
Q155,2159,P1549
Q155,2160,P1549
Q155,2161,P1549
Q155,2162,P1549
Q155,2163,P3553
Q155,2164,P8217
Q163,2165,P373
Q163,2166,P625
Q163,Q46,P30
Q163,2167,P242
Q163,2168,P948
Q163,Q1138494,P31
Q163,Q7145063,P910
Q163,Q145,P17
Q163,2169,P646
Q163,Q6325913,P1464
Q163,Q9679272,P1465
Q163,2170,P1566
Q163,2171,P1566
Q163,Q18784250,P1792
Q163,2172,P214
Q163,2173,P244
Q163,Q21,P131
Q163,Q179876,P131
Q163,2174,P1417
Q163,2175,P998
Q163,2176,P856
Q163,Q42462,P36
Q163,2177,P1082
Q163,2178,P2046
Q163,2179,P3616
Q163,2180,P2924
Q163,2181,P906
Q163,2182,P2581
Q163,2183,P4672
Q163,Q8328840,P1791
Q163,2184,P4212
Q163,2185,P949
Q163,2186,P5573
Q163,2187,P1549
Q163,2188,P1667
Q163,2189,P1705
Q163,2190,P1448
Q163,2191,P402
Q163,2192,P691
Q163,2193,P227
Q163,2194,P7870
Q163,Q84059983,P7867
Q163,2195,P41
Q163,2196,P2002
Q163,Q67300436,P47
Q163,Q23326,P47
Q163,Q67311452,P47
Q163,Q67287495,P47
Q163,Q67393503,P47
Q163,Q67535681,P47
Q163,Q67533486,P47
Q163,Q2194352,P527
Q163,Q1934075,P527
Q163,Q372090,P527
Q163,Q85925004,P163
Q163,2197,P7859
Q163,2198,P528
Q163,2199,P8519
Q163,2200,P5063
Q163,2201,P5587
Q163,2202,P8687
Q163,2203,P8814
Q163,2204,P8168
Q163,Q107121795,P8989
Q163,2205,P8217
Q177,2206,P373
Q177,2207,P508
Q177,Q13485782,P279
Q177,Q3245975,P279
Q177,Q666242,P279
Q177,Q26996677,P279
Q177,2208,P487
Q177,2209,P227
Q177,Q6931672,P910
Q177,2210,P646
Q177,2211,P1036
Q177,2212,P18
Q177,2213,P18
Q177,2214,P1978
Q177,2215,P935
Q177,Q38,P495
Q177,Q3596097,P527
Q177,Q36465,P527
Q177,Q14088,P527
Q177,Q42962,P527
Q177,Q11254,P527
Q177,2216,P1417
Q177,Q2041543,P1343
Q177,2217,P3221
Q177,2218,P3417
Q177,2219,P948
Q177,2220,P1821
Q177,2221,P3827
Q177,2222,P2888
Q177,2223,P2888
Q177,2224,P2581
Q177,2225,P3984
Q177,2226,P5019
Q177,2227,P5456
Q177,2228,P5247
Q177,2229,P6573
Q177,2230,P1705
Q177,Q192786,P2012
Q177,Q178024,P186
Q177,Q3596097,P186
Q177,Q10943,P186
Q177,2231,P7033
Q177,2232,P989
Q177,2233,P1245
Q177,Q28128222,P7767
Q177,2234,P7818
Q177,2235,P7832
Q177,2236,P7822
Q177,2237,P6760
Q177,2238,P6262
Q177,2239,P2347
Q177,2240,P6900
Q177,Q2359423,P2184
Q177,2241,P8408
Q177,2242,P8540
Q177,2243,P2910
Q177,Q238231,P1419
Q177,2244,P7827
Q177,2245,P268
Q177,2246,P244
Q177,2247,P8814
Q177,2248,P8885
Q177,Q19861951,P31
Q178,2249,P18
Q178,Q736427,P279
Q178,Q27496539,P279
Q178,Q26835502,P279
Q178,Q46018558,P279
Q178,Q7493597,P279
Q178,Q746549,P279
Q178,2250,P373
Q178,2251,P508
Q178,Q8964844,P910
Q178,2252,P349
Q178,2253,P646
Q178,2254,P443
Q178,2255,P443
Q178,2256,P443
Q178,2257,P443
Q178,2258,P443
Q178,2259,P443
Q178,2260,P443
Q178,2261,P1051
Q178,2262,P935
Q178,Q2657718,P1343
Q178,Q27554871,P1343
Q178,Q27554985,P1343
Q178,Q38,P495
Q178,Q148,P495
Q178,Q618324,P527
Q178,2263,P1417
Q178,2264,P3248
Q178,2265,P1821
Q178,2266,P3417
Q178,2267,P3827
Q178,2268,P2581
Q178,2269,P2924
Q178,2270,P1705
Q178,2271,P5456
Q178,2272,P5930
Q178,2273,P1014
Q178,2274,P1245
Q178,2275,P7818
Q178,2276,P7829
Q178,2277,P7822
Q178,2278,P2347
Q178,2279,P7033
Q178,2280,P227
Q178,2281,P3984
Q178,2282,P5437
Q178,2283,P8408
Q178,Q11942732,P8431
Q178,2284,P4527
Q178,2285,P8814
Q178,2286,P8885
Q178,Q1178397,P1889
Q178,2287,P268
Q178,2288,P244
Q183,2289,P2924
Q183,2290,P1333
Q183,2291,P3221
Q183,2292,P227
Q183,Q3919754,P1792
Q183,Q7605094,P1792
Q183,Q1061257,P2852
Q183,Q25648823,P2852
Q183,Q1123613,P2853
Q183,Q1378312,P2853
Q183,2293,P395
Q183,2294,P2572
Q183,2295,P2581
Q183,2296,P1943
Q183,2297,P4211
Q183,Q4970706,P1313
Q183,Q45581,P417
Q183,2298,P998
Q183,2299,P1705
Q183,2300,P1705
Q183,2301,P982
Q183,Q157582,P832
Q183,Q2544,P832
Q183,Q40317,P832
Q183,Q19809,P832
Q183,Q51638,P832
Q183,Q209663,P832
Q183,Q15113728,P832
Q183,Q196627,P832
Q183,2302,P2981
Q183,2303,P5905
Q183,2304,P3422
Q183,2305,P2855
Q183,2306,P2855
Q183,Q30,P530
Q183,Q155,P530
Q183,Q801,P530
Q183,Q142,P530
Q183,Q145,P530
Q183,Q39,P530
Q183,Q40,P530
Q183,Q32,P530
Q183,Q31,P530
Q183,Q55,P530
Q183,Q36,P530
Q183,Q213,P530
Q183,Q35,P530
Q183,Q20,P530
Q183,Q34,P530
Q183,Q33,P530
Q183,Q159,P530
Q183,Q214,P530
Q183,Q215,P530
Q183,Q28,P530
Q183,Q224,P530
Q183,Q403,P530
Q183,Q41,P530
Q183,Q218,P530
Q183,Q219,P530
Q183,Q45,P530
Q183,Q29,P530
Q183,Q27,P530
Q183,Q222,P530
Q183,Q189,P530
Q183,Q212,P530
Q183,Q43,P530
Q183,Q230,P530
Q183,Q227,P530
Q183,Q810,P530
Q183,Q851,P530
Q183,Q878,P530
Q183,Q796,P530
Q183,Q794,P530
Q183,Q843,P530
Q183,Q668,P530
Q183,Q232,P530
Q183,Q265,P530
Q183,Q889,P530
Q183,Q148,P530
Q183,Q711,P530
Q183,Q884,P530
Q183,Q423,P530
Q183,Q17,P530
Q183,Q881,P530
Q183,Q252,P530
Q183,Q869,P530
Q183,Q902,P530
Q183,Q408,P530
Q183,Q664,P530
Q183,Q334,P530
Q183,Q833,P530
Q183,Q79,P530
Q183,Q262,P530
Q183,Q948,P530
Q183,Q1028,P530
Q183,Q1049,P530
Q183,Q958,P530
Q183,Q115,P530
Q183,Q114,P530
Q183,Q971,P530
Q183,Q929,P530
Q183,Q1033,P530
Q183,Q1008,P530
Q183,Q1041,P530
Q183,Q1005,P530
Q183,Q965,P530
Q183,Q983,P530
Q183,Q1036,P530
Q183,Q924,P530
Q183,Q1037,P530
Q183,Q916,P530
Q183,Q963,P530
Q183,Q954,P530
Q183,Q1029,P530
Q183,Q258,P530
Q183,Q16,P530
Q183,Q96,P530
Q183,Q242,P530
Q183,Q774,P530
Q183,Q783,P530
Q183,Q241,P530
Q183,Q811,P530
Q183,Q800,P530
Q183,Q804,P530
Q183,Q739,P530
Q183,Q717,P530
Q183,Q734,P530
Q183,Q730,P530
Q183,Q736,P530
Q183,Q419,P530
Q183,Q750,P530
Q183,Q733,P530
Q183,Q77,P530
Q183,Q414,P530
Q183,Q298,P530
Q183,Q228,P530
Q183,Q217,P530
Q183,Q225,P530
Q183,Q235,P530
Q183,Q229,P530
Q183,Q233,P530
Q183,Q184,P530
Q183,Q238,P530
Q183,Q1011,P530
Q183,Q1013,P530
Q183,Q837,P530
Q183,Q928,P530
Q183,Q236,P530
Q183,Q1246,P530
Q183,Q399,P530
Q183,Q244,P530
Q183,Q191,P530
Q183,Q921,P530
Q183,Q424,P530
Q183,Q398,P530
Q183,Q778,P530
Q183,Q977,P530
Q183,Q792,P530
Q183,Q712,P530
Q183,Q790,P530
Q183,Q766,P530
Q183,Q846,P530
Q183,Q813,P530
Q183,Q817,P530
Q183,Q211,P530
Q183,Q37,P530
Q183,Q1014,P530
Q183,Q819,P530
Q183,Q836,P530
Q183,Q702,P530
Q183,Q221,P530
Q183,Q1025,P530
Q183,Q1027,P530
Q183,Q709,P530
Q183,Q1020,P530
Q183,Q826,P530
Q183,Q697,P530
Q183,Q574,P530
Q183,Q842,P530
Q183,Q695,P530
Q183,Q691,P530
Q183,Q1050,P530
Q183,Q854,P530
Q183,Q1044,P530
Q183,Q683,P530
Q183,Q685,P530
Q183,Q863,P530
Q183,Q678,P530
Q183,Q754,P530
Q183,Q874,P530
Q183,Q686,P530
Q183,Q1039,P530
Q183,Q822,P530
Q183,Q805,P530
Q183,2307,P41
Q183,2308,P935
Q183,2309,P214
Q183,Q122131,P2184
Q183,Q545,P206
Q183,Q1693,P206
Q183,Q64,P36
Q183,2310,P3984
Q183,2311,P3984
Q183,2312,P3984
Q183,2313,P950
Q183,2314,P402
Q183,2315,P4725
Q183,2316,P2258
Q183,2317,P2979
Q183,2318,P2979
Q183,2319,P691
Q183,2320,P5198
Q183,2321,P3000
Q183,2322,P1081
Q183,Q9385337,P1791
Q183,2323,P1451
Q183,2324,P3896
Q183,2325,P1334
Q183,2326,P1549
Q183,2327,P1549
Q183,2328,P1549
Q183,2329,P1549
Q183,2330,P1549
Q183,2331,P1549
Q183,2332,P1549
Q183,2333,P1549
Q183,2334,P1549
Q183,2335,P1549
Q183,2336,P1549
Q183,2337,P1549
Q183,2338,P1549
Q183,2339,P1549
Q183,2340,P1549
Q183,2341,P1549
Q183,2342,P1549
Q183,2343,P1549
Q183,2344,P1549
Q183,2345,P1549
Q183,2346,P1549
Q183,2347,P1549
Q183,2348,P1549
Q183,2349,P1549
Q183,2350,P1549
Q183,2351,P1549
Q183,2352,P1549
Q183,2353,P1549
Q183,2354,P1549
Q183,2355,P1549
Q183,2356,P1549
Q183,2357,P1549
Q183,2358,P1549
Q183,2359,P1549
Q183,2360,P1549
Q183,2361,P1549
Q183,2362,P1549
Q183,2363,P1549
Q183,2364,P1549
Q183,2365,P1549
Q183,2366,P1549
Q183,2367,P1549
Q183,2368,P1549
Q183,2369,P1549
Q183,2370,P1549
Q183,2371,P1549
Q183,2372,P1549
Q183,2373,P1549
Q183,2374,P1549
Q183,2375,P1549
Q183,2376,P1549
Q183,2377,P1549
Q183,2378,P1549
Q183,2379,P1549
Q183,2380,P1549
Q183,2381,P1549
Q183,2382,P1549
Q183,2383,P1549
Q183,2384,P1549
Q183,2385,P1549
Q183,2386,P1549
Q183,2387,P1549
Q183,2388,P1549
Q183,2389,P1549
Q183,2390,P3612
Q183,2391,P3006
Q183,2392,P3001
Q183,Q7825,P463
Q183,Q458,P463
Q183,Q7184,P463
Q183,Q41550,P463
Q183,Q8908,P463
Q183,Q37143,P463
Q183,Q42262,P463
Q183,Q7825,P463
Q183,Q141720,P463
Q183,Q566397,P463
Q183,Q789769,P463
Q183,Q2595976,P463
Q183,Q1065,P463
Q183,Q1667341,P463
Q183,Q699466,P463
Q183,Q208645,P463
Q183,Q194284,P463
Q183,Q8919,P463
Q183,Q186444,P463
Q183,Q1067802,P463
Q183,Q182814,P463
Q183,Q183191,P463
Q183,Q376150,P463
Q183,Q7809,P463
Q183,Q7817,P463
Q183,Q7164,P463
Q183,Q17495,P463
Q183,Q217398,P463
Q183,Q177773,P463
Q183,Q54129,P463
Q183,Q82151,P463
Q183,Q125761,P463
Q183,Q201054,P463
Q183,Q7804,P463
Q183,Q386120,P463
Q183,Q689859,P463
Q183,Q170424,P463
Q183,Q61923,P463
Q183,Q41984,P463
Q183,Q356694,P463
Q183,Q842490,P463
Q183,Q1069706,P463
Q183,Q331520,P463
Q183,Q19771,P463
Q183,Q189946,P463
Q183,Q151991,P463
Q183,Q81299,P463
Q183,Q191384,P463
Q183,Q827525,P463
Q183,Q656801,P463
Q183,Q1043527,P463
Q183,Q899770,P463
Q183,Q340195,P463
Q183,Q384535,P463
Q183,Q188822,P463
Q183,Q782942,P463
Q183,Q3772571,P463
Q183,Q161549,P463
Q183,Q1377612,P463
Q183,Q663492,P463
Q183,Q1928989,P463
Q183,Q1072120,P463
Q183,Q8475,P463
Q183,Q1480793,P463
Q183,Q3866537,P463
Q183,Q521227,P463
Q183,Q233611,P463
Q183,Q826700,P463
Q183,Q5611262,P463
Q183,Q1969730,P463
Q183,Q8268,P463
Q183,Q1654951,P463
Q183,Q45177,P463
Q183,Q1065,P463
Q183,2393,P1198
Q183,Q14565199,P5658
Q183,2394,P2503
Q183,Q6655,P421
Q183,Q6430198,P1465
Q183,2395,P2347
Q183,Q25223,P1906
Q183,2396,P373
Q183,Q35,P47
Q183,Q36,P47
Q183,Q39,P47
Q183,Q142,P47
Q183,Q32,P47
Q183,Q31,P47
Q183,Q55,P47
Q183,Q40,P47
Q183,Q213,P47
Q183,2397,P4210
Q183,2398,P1225
Q183,2399,P3086
Q183,2400,P3086
Q183,2401,P2927
Q183,2402,P4672
Q183,2403,P2004
Q183,2404,P3183
Q183,2405,P3365
Q183,2406,P898
Q183,2407,P898
Q183,2408,P299
Q183,2409,P1335
Q183,2410,P474
Q183,2411,P3911
Q183,2412,P3175
Q183,Q62646,P138
Q183,Q48160,P163
Q183,2413,P901
Q183,2414,P3509
Q183,2415,P213
Q183,2416,P6150
Q183,2417,P3222
Q183,2418,P3222
Q183,Q6871603,P6104
Q183,2419,P1082
Q183,2420,P1667
Q183,Q3802786,P1151
Q183,Q7112271,P5125
Q183,2421,P349
Q183,Q4916,P38
Q183,2422,P1566
Q183,2423,P487
Q183,2424,P3916
Q183,Q42884,P172
Q183,Q84072,P172
Q183,2425,P4223
Q183,2426,P5357
Q183,Q154124,P2633
Q183,2427,P298
Q183,2428,P1448
Q183,2429,P3417
Q183,2430,P3065
Q183,2431,P1482
Q183,2432,P486
Q183,Q23653930,P2959
Q183,Q20825355,P2959
Q183,Q27868447,P2959
Q183,Q25681485,P2959
Q183,Q30277432,P2959
Q183,Q53673262,P2959
Q183,2433,P3106
Q183,Q5440547,P122
Q183,2434,P94
Q183,2435,P1944
Q183,Q56045,P793
Q183,Q512451,P793
Q183,Q1201,P793
Q183,Q2307326,P793
Q183,Q274811,P793
Q183,Q5086,P793
Q183,Q672112,P793
Q183,Q2595976,P793
Q183,Q159644,P793
Q183,Q8438,P793
Q183,Q56039,P793
Q183,Q242352,P793
Q183,Q182865,P793
Q183,2436,P3743
Q183,Q146138,P194
Q183,Q154797,P194
Q183,2437,P3238
Q183,2438,P605
Q183,2439,P646
Q183,Q188,P37
Q183,Q713750,P1365
Q183,Q16957,P1365
Q183,Q1206012,P1365
Q183,Q1206012,P1365
Q183,Q569998,P1365
Q183,Q46,P30
Q183,Q133018,P237
Q183,2440,P3271
Q183,2441,P2997
Q183,2442,P949
Q183,Q5460604,P5008
Q183,Q54439832,P5008
Q183,2443,P3068
Q183,2444,P1332
Q183,Q3174312,P1552
Q183,2445,P297
Q183,2446,P4841
Q183,2447,P2046
Q183,Q685753,P485
Q183,2448,P4342
Q183,2449,P3270
Q183,2450,P3270
Q183,2451,P3270
Q183,2452,P3270
Q183,2453,P3270
Q183,2454,P3270
Q183,2455,P3270
Q183,2456,P3270
Q183,2457,P3270
Q183,2458,P3270
Q183,2459,P3270
Q183,2460,P3270
Q183,2461,P3270
Q183,2462,P3270
Q183,2463,P3270
Q183,2464,P3270
Q183,2465,P3847
Q183,Q1350565,P1889
Q183,Q229632,P1889
Q183,Q1410828,P910
Q183,2466,P268
Q183,2467,P268
Q183,2468,P268
Q183,2469,P242
Q183,2470,P242
Q183,2471,P242
Q183,2472,P1617
Q183,Q567,P6
Q183,2473,P984
Q183,2474,P2163
Q183,2475,P4427
Q183,2476,P5573
Q183,2477,P1417
Q183,Q27509,P706
Q183,2478,P948
Q183,Q7237249,P1740
Q183,2479,P2884
Q183,Q1005903,P208
Q183,Q313827,P208
Q183,Q44042,P85
Q183,Q56025,P209
Q183,2480,P2250
Q183,2481,P1968
Q183,Q37251,P78
Q183,Q3624078,P31
Q183,Q43702,P31
Q183,Q6256,P31
Q183,Q1350565,P3403
Q183,Q3375,P610
Q183,Q7463306,P1464
Q183,2482,P1813
Q183,2483,P1813
Q183,2484,P1813
Q183,2485,P1813
Q183,2486,P1813
Q183,2487,P1813
Q183,2488,P1813
Q183,2489,P1813
Q183,2490,P1813
Q183,2491,P1813
Q183,2492,P1813
Q183,Q14565199,P1622
Q183,Q76658,P35
Q183,2493,P2982
Q183,Q514001,P1589
Q183,2494,P5180
Q183,2495,P443
Q183,2496,P443
Q183,2497,P443
Q183,2498,P443
Q183,2499,P443
Q183,2500,P269
Q183,Q985,P150
Q183,Q980,P150
Q183,Q64,P150
Q183,Q1209,P150
Q183,Q1055,P150
Q183,Q1196,P150
Q183,Q1197,P150
Q183,Q1198,P150
Q183,Q1200,P150
Q183,Q1201,P150
Q183,Q1202,P150
Q183,Q1206,P150
Q183,Q1194,P150
Q183,Q1205,P150
Q183,Q1208,P150
Q183,Q1199,P150
Q183,2501,P3024
Q183,2502,P1281
Q183,2503,P244
Q183,2504,P3529
Q183,2505,P625
Q183,Q2041543,P1343
Q183,Q4114391,P1343
Q183,Q602358,P1343
Q183,Q4173137,P1343
Q183,Q19180675,P1343
Q183,Q1419983,P1343
Q183,2506,P1670
Q183,2507,P5019
Q183,2508,P5019
Q183,2509,P1842
Q183,2510,P5250
Q183,2511,P6573
Q183,2512,P6591
Q183,2513,P4801
Q183,Q183,P17
Q183,2514,P6794
Q183,2515,P6794
Q183,Q327274,P2936
Q183,Q387066,P2936
Q183,Q32145,P2936
Q183,Q27154,P2936
Q183,Q1365342,P2936
Q183,Q131339,P2936
Q183,Q149208,P2936
Q183,Q699284,P2936
Q183,Q497345,P2936
Q183,Q505655,P2936
Q183,Q9051,P2936
Q183,Q9035,P2936
Q183,Q13286,P2936
Q183,Q13248,P2936
Q183,Q23014,P2936
Q183,Q188,P2936
Q183,Q28224,P2936
Q183,Q25433,P2936
Q183,Q33282,P2936
Q183,Q6593714,P2936
Q183,2516,P6849
Q183,2517,P7012
Q183,2518,P5140
Q183,2519,P3864
Q183,2520,P3241
Q183,2521,P4839
Q183,2522,P1296
Q183,2523,P6766
Q183,2524,P5002
Q183,Q838116,P1344
Q183,2525,P856
Q183,2526,P7471
Q183,2527,P1245
Q183,2528,P902
Q183,2529,P3067
Q183,Q1979615,P2596
Q183,2530,P5400
Q183,Q12046593,P4614
Q183,Q9210293,P4614
Q183,Q1434368,P4614
Q183,Q12046596,P4614
Q183,Q29017011,P4614
Q183,2531,P7870
Q183,Q8607377,P7867
Q183,2532,P6404
Q183,2533,P7818
Q183,2534,P7829
Q183,2535,P7827
Q183,2536,P7832
Q183,2537,P7822
Q183,2538,P6058
Q183,2539,P2799
Q183,2540,P7859
Q183,2541,P6262
Q183,2542,P6262
Q183,2543,P6262
Q183,2544,P6900
Q183,2545,P6897
Q183,2546,P1273
Q183,2547,P7028
Q183,2548,P7369
Q183,2549,P1890
Q183,2550,P4619
Q183,2551,P5437
Q183,2552,P7314
Q183,Q27496,P361
Q183,Q27509,P361
Q183,Q59273239,P8402
Q183,Q61171716,P8402
Q183,2553,P8408
Q183,2554,P8432
Q183,2555,P571
Q183,2556,P1249
Q183,2557,P4073
Q183,2558,P5843
Q183,2559,P8519
Q183,2560,P8483
Q183,2561,P672
Q183,2562,P5063
Q183,2563,P1438
Q183,2564,P6839
